StockName,StockCode,TypeBiz,MainProduct,OriginDate
티와이홀딩스,363280,기타 금융업,지주사업,2020-09-22
코람코에너지리츠,357120,부동산 임대 및 공급업,부동산 투자 및 관리,2020-08-31
제이알글로벌리츠,348950,부동산 임대 및 공급업,벨기에 파이낸스 타워,2020-08-07
미래에셋맵스리츠,357250,부동산 임대 및 공급업,부동산 임대업,2020-08-05
이지스레지던스리츠,350520,부동산 임대 및 공급업,"부동산투자, 취득, 매매, 임대",2020-08-05
이지스밸류플러스리츠,334890,부동산 임대 및 공급업,"부동산투자, 취득, 매매, 임대",2020-07-16
에스케이바이오팜,326030,자연과학 및 공학 연구개발업,신경질환 및 정신질환을 포함한 중추신경 관련 신약 개발,2020-07-02
대덕전자,353200,전자부품 제조업,"PCB(Printed Circuit Board, 인쇄회로기판)의 제조 및 판매",2020-05-21
케이씨씨글라스,344820,유리 및 유리제품 제조업,판유리 등,2020-01-21
NH프라임리츠,338100,부동산 임대 및 공급업,부동산 투자,2019-12-05
센트랄모텍,308170,자동차 신품 부품 제조업,"이너레이스, 오디 클러치보스, 로터샤프트, 슬리브기어, 컨트롤 암, 엑슬",2019-11-25
현대에너지솔루션,322000,반도체 제조업,"태양광 셀·모듈, PV시스템, ESS",2019-11-19
한화시스템,272210,전자부품 제조업,"정밀기기(육해공군관련전자제어시스템,열영상감시장비,탐지추적장치,전투지휘체계시스템) 제조",2019-11-13
자이에스앤디,317400,부동산 임대 및 공급업,"부동산 관리, 정보통신 공사, 아파트 AS 및 옵션 제품 공급, 건축물 시공 및 분양",2019-11-06
롯데리츠,330590,부동산 임대 및 공급업,부동산투자,2019-10-30
지누스,13890,가구 제조업,매트리스 및 가구제품,2019-10-30
두산솔루스,336370,전자부품 제조업,"동박, 유압기기 등",2019-10-18
두산퓨얼셀,336260,"전동기, 발전기 및 전기 변환 · 공급 · 제어 장치 제조업",연료전지,2019-10-18
제이콘텐트리,36420,"영화, 비디오물, 방송프로그램 제작 및 배급업","영화 및 방송프로그램 제작, 유통, 광고",2019-10-18
포스코케미칼,3670,"내화, 비내화 요업제품 제조업","내화물, 생석회, 음극재 및 양극재",2019-05-29
현대오토에버,307950,소프트웨어 개발 및 공급업,"전산실운영, 시스템구축, 전산장비 납품, SOC/건축 사업",2019-03-28
드림텍,192650,전자부품 제조업,"모바일 PBA, 지문인식 모듈, 전장 LED 모듈 등",2019-03-14
더블유게임즈,192080,소프트웨어 개발 및 공급업,온라인 게임,2019-03-12
우리금융지주,316140,기타 금융업,금융지주,2019-02-13
에어부산,298690,항공 여객 운송업,항공 여객 및 화물 운송,2018-12-27
아시아나IDT,267850,"컴퓨터 프로그래밍, 시스템 통합 및 관리업","IT 서비스, IT 솔루션",2018-11-23
세아제강,306200,1차 철강 제조업,강관,2018-10-05
하나제약,293480,의약품 제조업,완제의약품,2018-10-02
우진아이엔에스,10400,건물설비 설치 공사업,반도체/디스플레이 코팅덕트,2018-09-14
신한알파리츠,293940,부동산 임대 및 공급업,비거주 부동산 임대 서비스업,2018-08-08
한일시멘트,300720,"시멘트, 석회, 플라스터 및 그 제품 제조업","시멘트, 레미콘, 레미탈",2018-08-06
티웨이항공,91810,항공 여객 운송업,저가 항공운송,2018-08-01
롯데정보통신,286940,"컴퓨터 프로그래밍, 시스템 통합 및 관리업","SM, SI",2018-07-27
효성중공업,298040,"전동기, 발전기 및 전기 변환 · 공급 · 제어 장치 제조업",-,2018-07-13
효성첨단소재,298050,화학섬유 제조업,PET타이어코드,2018-07-13
효성티앤씨,298020,화학섬유 제조업,"섬유, 산업자재, 화학, 중공업, 건설, 무역,금융 등",2018-07-13
효성화학,298000,기초 화학물질 제조업,-,2018-07-13
이리츠코크렙,88260,부동산 임대 및 공급업,부동산투자회사,2018-06-27
HDC현대산업개발,294870,건물 건설업,"외주주택, 자체공사, 일반건축, 토목 등",2018-06-12
애경산업,18250,기타 화학제품 제조업,"Age 20's,루나, 트리오, 2080치약, 순샘, 제트 등",2018-03-22
셀트리온,68270,기초 의약물질 및 생물학적 제제 제조업,"램시마, 트룩시마, 허쥬마",2018-02-09
쿠쿠홈시스,284740,개인 및 가정용품 임대업,"정수기, 공기청정기 등",2018-01-11
SK케미칼,285130,합성고무 및 플라스틱 물질 제조업,"PETG 수지, PET 수지, 바이오디젤, 백신",2018-01-05
BGF리테일,282330,종합 소매업,체인화 편의점,2017-12-08
동양피스톤,92780,자동차용 엔진 및 자동차 제조업,자동차엔진용 피스톤,2017-12-08
진에어,272450,항공 여객 운송업,"여객, 화물 등 항공운송",2017-12-08
케이씨텍,281820,"측정, 시험, 항해, 제어 및 기타 정밀기기 제조업; 광학기기 제외","반도체, 디스플레이 제조 장비",2017-12-05
동아타이어,282690,고무제품 제조업,타이어 및 튜브,2017-11-29
삼양패키징,272550,플라스틱제품 제조업,PET 용기 및 아셉틱 OEM,2017-11-29
테이팩스,55490,플라스틱제품 제조업,"OCA, 2차전지용 테이프, 산업용 랩 등",2017-10-31
롯데제과,280360,기타 식품 제조업,"껌,캔디,초코,비스켓,빙과",2017-10-30
제일약품,271980,의약품 제조업,의약품,2017-07-17
카카오,35720,"자료처리, 호스팅, 포털 및 기타 인터넷 정보매개 서비스업",인터넷 서비스(인터넷 광고),2017-07-10
오리온,271560,기타 식품 제조업,스낵 등 과자류,2017-07-07
미원에스씨,268280,기초 화학물질 제조업,에너지경화수지,2017-05-22
경동도시가스,267290,연료용 가스 제조 및 배관공급업,도시가스,2017-05-12
넷마블,251270,소프트웨어 개발 및 공급업,온라인·모바일 게임 소프트웨어 개발 및 공급,2017-05-12
현대건설기계,267270,일반 목적용 기계 제조업,"굴삭기, 지게차, 휠로더 등",2017-05-10
현대일렉트릭,267260,"전동기, 발전기 및 전기 변환 · 공급 · 제어 장치 제조업","변압기, 고압차단기, 회전기, 배전반 등",2017-05-10
현대중공업지주,267250,석유 정제품 제조업,"산업용 로봇, 클린용 로봇, 조선 기자재 등",2017-05-10
크라운제과,264900,기타 식품 제조업,"비스킷, 스낵, 당과",2017-04-11
덴티움,145720,의료용 기기 제조업,치과용 기기 제조업,2017-03-15
호전실업,111110,봉제의복 제조업,스포츠웨어 및 아웃도어 웨어 OEM,2017-02-02
핸즈코퍼레이션,143210,자동차 신품 부품 제조업,자동차 알루미늄 휠,2016-12-02
두산밥캣,241560,특수 목적용 기계 제조업,"Compact Equipment, Heavy Equipment, Portable Power",2016-11-18
삼성바이오로직스,207940,기초 의약물질 및 생물학적 제제 제조업,바이오의약품,2016-11-10
JW생명과학,234080,의약품 제조업,"기초수액, TPN, 특수수액, HEMO, 영양수액 등",2016-10-27
화승엔터프라이즈,241590,신발 및 신발 부분품 제조업,,2016-10-04
LS전선아시아,229640,기타 금융업,,2016-09-22
모두투어리츠,204210,부동산 임대 및 공급업,"호텔 부동산 취득, 관리, 개량 및 처분",2016-09-22
일동제약,249420,의약품 제조업,"아로나민, 후루마린, 큐란, 라비에트, 사미온 등",2016-08-31
샘표식품,248170,기타 식품 제조업,간장,2016-08-09
두올,16740,자동차 신품 부품 제조업,시트 커버 및 시트 원단,2016-07-29
동서,26960,음·식료품 및 담배 도매업,"식품 유통, 다류 및 연포장재 제조 등",2016-07-15
한국자산신탁,123890,신탁업 및 집합투자업,"부동산 신탁 서비스, REITs",2016-07-13
한국토지신탁,34830,신탁업 및 집합투자업,부동산신탁 등,2016-07-11
해성디에스,195870,전자부품 제조업,반도체 패키지용 Substrate,2016-06-24
용평리조트,70960,일반 및 생활 숙박시설 운영업,"리조트 운영, 콘도 분양",2016-05-27
해태제과식품,101530,기타 식품 제조업,"홈런볼, 오예스, 맛동산, 부라보콘 등",2016-05-11
삼일씨엔에스,4440,"시멘트, 석회, 플라스터 및 그 제품 제조업","PHC파일, 골재, 강교제작",2016-03-30
제이에스코퍼레이션,194370,"가죽, 가방 및 유사제품 제조업",핸드백 및 지갑,2016-02-04
코리아오토글라스,152330,유리 및 유리제품 제조업,자동차 안전 유리,2015-12-29
잇츠한불,226320,기타 화학제품 제조업,"스킨케어 베이직, 포인트 메이크업, 스킨케어 스페셜, 베이스 메이크업 등",2015-12-28
세진중공업,75580,선박 및 보트 건조업,"선박 Deck House, LPG Tank, Upper Deck Unit, 해양플랜트 Living Quarter",2015-11-30
금호에이치티,214330,자동차 신품 부품 제조업,자동차용 전구 및 LED모듈,2015-11-11
제주항공,89590,항공 여객 운송업,"여객운송서비스, 화물운송서비스",2015-11-06
현대코퍼레이션홀딩스,227840,음·식료품 및 담배 도매업,"브랜드사업, 육류유통",2015-10-23
LIG넥스원,79550,무기 및 총포탄 제조업,정밀유도무기 등,2015-10-02
HDC아이콘트롤스,39570,전기 및 통신 공사업,"기계설비공사, 스마트홈, 지능형 빌딩, SOC",2015-09-24
동일제강,2690,1차 철강 제조업,"PC강연선, 경강선, 도금선, 마봉강",2015-09-24
AJ네트웍스,95570,산업용 기계 및 장비 임대업,"렌탈(파렛트, OA장비, 건설장비)",2015-08-21
이노션,214320,광고업,광고대행 및 광고물의 제작 등,2015-07-17
토니모리,214420,기타 화학제품 제조업,"스킨케어 베이직, 포인트 메이크업, 스킨케어 스페셜, 베이스 메이크업 등",2015-07-10
미래에셋생명,85620,보험업,생명보험상품,2015-07-08
경보제약,214390,기초 의약물질 및 생물학적 제제 제조업,"아토르바스타틴, 세프티족심, 세프트리약손",2015-06-29
SK디앤디,210980,부동산 임대 및 공급업,"비주거용 부동산개발 및 임대(오피스, 지식산업센터, 호텔 등)",2015-06-23
엔에스쇼핑,138250,무점포 소매업,TV홈쇼핑,2015-03-27
세화아이엠씨,145210,특수 목적용 기계 제조업,"타이어 금형, 타이어 제조설비",2015-03-19
한솔제지,213500,"펄프, 종이 및 판지 제조업","인쇄용지, 산업용지, 특수지 제조 및 판매",2015-01-26
디와이파워,210540,특수 목적용 기계 제조업,유공압기기 등,2015-01-15
삼성물산,28260,기타 전문 도매업,"도소매, 건설, 남자용 정장 제조업 등",2014-12-18
씨에스윈드,112610,"구조용 금속제품, 탱크 및 증기발생기 제조업",풍력발전타워 제조,2014-11-27
삼성에스디에스,18260,"컴퓨터 프로그래밍, 시스템 통합 및 관리업","IT서비스, 물류BPO",2014-11-14
만도,204320,자동차 신품 부품 제조업,"제동장치, 조향장치, 현가장치",2014-10-06
서연이화,200880,자동차 신품 부품 제조업,자동차 도어 트림 및 시트,2014-08-08
쿠쿠홀딩스,192400,기타 금융업,주방용 전기기기 제조업,2014-08-06
화인베스틸,133820,1차 철강 제조업,"조선용 형강(부등변 부등후 앵글, 부등호 앵글, 등변앵글 평철 등)",2014-07-22
BGF,27410,기타 금융업,지주회사,2014-05-19
코스맥스,192820,기타 화학제품 제조업,화장품,2014-04-07
종근당,185750,의약품 제조업,"딜라트렌,리피로우",2013-12-06
신송홀딩스,6880,산업용 농·축산물 및 동·식물 도매업,사업경영 및 관리자문,2013-11-21
아세아시멘트,183190,"시멘트, 석회, 플라스터 및 그 제품 제조업","시멘트, 레미콘, 몰탈",2013-11-06
현대로템,64350,철도장비 제조업,"철도차량, 특수중기, 산업기계",2013-10-30
한진칼,180640,항공 여객 운송업,"지주사업, 경영자문 및 컨설팅",2013-09-16
엔에이치엔,181710,소프트웨어 개발 및 공급업,한게임,2013-08-29
JB금융지주,175330,기타 금융업,금융지주 회사,2013-07-18
하이골드12호,172580,운송장비 임대업,,2013-07-12
DSR,155660,1차 비철금속 제조업,합섬섬유로프,2013-05-15
한국패러랠,168490,신탁업 및 집합투자업,,2013-04-19
동아에스티,170900,의약품 제조업,"스티렌, 자이데나",2013-04-08
지엠비코리아,13870,자동차 신품 부품 제조업,"VS, TIB, CVJoint 등",2012-11-20
LG헬로비전,37560,텔레비전 방송업,"케이블TV, 인터넷서비스 등",2012-11-09
동일고무벨트,163560,고무제품 제조업,"산업용고무제품, 종합고무부품",2012-10-19
한국콜마,161890,기타 화학제품 제조업,"화장품, 의약품",2012-10-19
한국타이어앤테크놀로지,161390,고무제품 제조업,타이어 제조,2012-10-04
애경유화,161000,기초 화학물질 제조업,오르토프탈산디옥틸,2012-09-17
SK렌터카,68400,운송장비 임대업,승용자동차 임대,2012-07-27
바다로19호,155900,운송장비 임대업,,2012-06-29
사조씨푸드,14710,수산물 가공 및 저장 처리업,횟감용 참치 및 기타 일반수산물,2012-06-29
하이골드3호,153360,운송장비 임대업,,2012-05-04
코오롱머티리얼,144620,화학섬유 제조업,"합성섬유 제조/직물 도매,무역",2012-04-05
한국ANKOR유전,152550,신탁업 및 집합투자업,,2012-03-08
휴비스,79980,화학섬유 제조업,"합성섬유(폴리에스테르원사,원면),재생섬유,폴리에스텔 원사,원면,고상칩 제조,도소매",2012-02-23
케이탑리츠,145270,부동산 임대 및 공급업,부동산 임대,2012-01-31
GS리테일,7070,종합 소매업,"체인화 편의점,슈퍼마켓,마트,전자상거래/부동산(빌딩) 임대",2011-12-23
인터지스,129260,도로 화물 운송업,"화물운송,알선,하역",2011-12-16
삼양사,145990,기타 식품 제조업,설탕,2011-12-05
하나투어,39130,여행사 및 기타 여행보조 서비스업,"일반여행알선,컴퓨터프로그램 개발,보급,통신판매",2011-11-01
에이블씨엔씨,78520,기타 화학제품 제조업,"화장품 제조,도소매/소프트웨어 자문,개발,공급/전자상거래",2011-09-07
삼원강재,23000,자동차 신품 부품 제조업,"열간압연제품(평강,봉강,특수이형강,환강,자동차용 겹판스프링) 제조,판매",2011-07-22
신세계인터내셔날,31430,"섬유, 의복, 신발 및 가죽제품 소매업","섬유, 의복, 신발 및 가죽제품 소매",2011-07-14
에이리츠,140910,부동산 임대 및 공급업,,2011-07-14
한국항공우주,47810,"항공기,우주선 및 부품 제조업","정부방산 및 완제기 수출(T-50계열, KUH계열, KT-1계열 등), 기체부품",2011-06-30
롯데하이마트,71840,가전제품 및 정보통신장비 소매업,"가전제품,잡화 도소매/부동산 임대",2011-06-29
한세엠케이,69640,"섬유, 의복, 신발 및 가죽제품 소매업","케주얼웨어(BUCKAROO, TBJ 등)",2011-06-21
코오롱플라스틱,138490,합성고무 및 플라스틱 물질 제조업,엔지니어링플라스틱,2011-06-15
이마트,139480,종합 소매업,대형마트,2011-06-10
DGB금융지주,139130,기타 금융업,지주회사,2011-06-07
케이티스카이라이프,53210,텔레비전 방송업,위성방송서비스,2011-06-03
세아특수강,19440,1차 철강 제조업,"냉간압조용선재,마봉강,스테인레스봉강 제조",2011-06-01
메리츠금융지주,138040,기타 금융업,투자사업,2011-05-13
한국종합기술,23350,"건축기술, 엔지니어링 및 관련 기술 서비스업","토목설계,건축설계,감리,측량/토목건축공사",2011-04-28
BNK금융지주,138930,기타 금융업,금융지주회사,2011-03-30
일진머티리얼즈,20150,전자부품 제조업,"인쇄회로기판(PCB)용 전해동박(ACF,UCF),에폭시용 동박,전해콘덴서용 알루미늄박 제조,판매",2011-03-04
현대위아,11210,자동차 신품 부품 제조업,"자동차부품, 공작기계 등",2011-02-21
선진,136490,동물용 사료 및 조제식품 제조업,조제동물사료,2011-02-16
미원화학,134380,기타 화학제품 제조업,"계면활성제, 황산및분황",2011-02-15
시디즈,134790,가구 제조업,의자,2011-01-25
HSD엔진,82740,일반 목적용 기계 제조업,"대형선박용엔진,내연발전엔진",2011-01-04
대성에너지,117580,연료용 가스 제조 및 배관공급업,천연가스,2010-12-24
현대에이치씨엔,126560,텔레비전 방송업,방송업,2010-12-23
KTis,58860,기타 정보 서비스업,"114전화번호안내, 고객센터",2010-12-17
한전산업,130660,"건축기술, 엔지니어링 및 관련 기술 서비스업","발전설비 운전·정비, 전기검침",2010-12-16
엘브이엠씨,900140,자동차 판매업,지주회사,2010-11-30
비케이탑스,30790,"컴퓨터 프로그래밍, 시스템 통합 및 관리업","시스템통합소프트웨어 개발, 전자상거래",2010-11-02
휠라홀딩스,81660,생활용품 도매업,"스포츠의류,신발,가방,시계,골프장비,화장품,가죽제품(지갑,키홀더) 도매,수출입",2010-09-28
KTcs,58850,기타 정보 서비스업,전화번호검색 데이타제공/콜센터 운영,2010-09-16
현대홈쇼핑,57050,무점포 소매업,TV홈쇼핑 도소매/홈쇼핑프로그램 제작,2010-09-13
도화엔지니어링,2150,"건축기술, 엔지니어링 및 관련 기술 서비스업","토목설계,건축설계,종합감리전문업,종합기술용역,엔지니어링",2010-08-12
대성산업,128820,연료 소매업,"주요소운영,기계판매 등",2010-07-30
아이마켓코리아,122900,상품 종합 도매업,B2B 전자상거래,2010-07-30
한미약품,128940,의약품 제조업,의약품,2010-07-30
우진,105840,"측정, 시험, 항해, 제어 및 기타 정밀기기 제조업; 광학기기 제외",원전용계측기,2010-07-26
무학,33920,알코올음료 제조업,소주,2010-07-20
이연제약,102460,의약품 제조업,"항생제,순환기제",2010-06-10
한국화장품,123690,생활용품 도매업,화장품,2010-06-01
에스제이엠,123700,자동차 신품 부품 제조업,자동차및산업용Bellows,2010-05-31
한라홀딩스,60980,기타 금융업,지주회사 및 경영컨설팅 서비스업,2010-05-19
삼성생명,32830,보험업,"생명보험,부동산 임대",2010-05-12
신세계푸드,31440,음식점업,"단체급식, 식자재유통, 외식",2010-04-29
한화생명,88350,보험업,생명보험,2010-03-17
조선선재,120030,기타 금속 가공제품 제조업,용접재료,2010-02-19
코오롱인더,120110,화학섬유 제조업,"산업자재, 화학, 필름",2010-02-01
KC코트렐,119650,일반 목적용 기계 제조업,전기집진기 등,2010-01-29
지역난방공사,71320,"증기, 냉·온수 및 공기조절 공급업","집단에너지공급 및 전기,증기 생산,판매",2010-01-29
락앤락,115390,플라스틱제품 제조업,플라스틱 밀폐용기,2010-01-28
영흥,12160,1차 철강 제조업,와이어로프 등,2010-01-25
우리들휴브레인,118000,기계장비 및 관련 물품 도매업,의료기기 도매,2009-12-30
한전기술,52690,"건축기술, 엔지니어링 및 관련 기술 서비스업",원자력발전소 설계 등,2009-12-14
GKL,114090,유원지 및 기타 오락관련 서비스업,카지노,2009-11-19
SK,34730,기타 금융업,"지주회사, 시스템통합(SI), 정보통신사업 관련 컨설팅,조사용역,정보통신기술 연구개발/정보통신기기,소프트웨어 개발,도매",2009-11-11
황금에스티,32560,1차 비철금속 제조업,"스테인레스 냉연, 열연",2009-10-29
하이트진로,80,알코올음료 제조업,소주,2009-10-19
동양생명,82640,보험업,생명보험,2009-10-08
유니온머티리얼,47400,"내화, 비내화 요업제품 제조업","페라이트,세라믹 제조,도매",2009-09-29
형지엘리트,93240,봉제의복 제조업,"학생복,스포츠의류,작업복 제조,도매",2009-09-28
키움증권,39490,금융 지원 서비스업,"유가증권의 매매, 위탁, 인수, 주선",2009-08-03
영원무역,111770,상품 종합 도매업,스포츠의류,2009-07-30
아주캐피탈,33660,기타 금융업,"투자회사,할부금융,리스/자동차정비,자동차리스",2009-06-25
한미글로벌,53690,"건축기술, 엔지니어링 및 관련 기술 서비스업","건축 설계,감리/건축공사,토목공사,설비공사,전기공사,안전공사",2009-06-23
동아지질,28100,기반조성 및 시설물 축조관련 전문공사업,"보링그라우팅공사,토공사,철근콘크리트공사,상하수도공사,비계구조물해체공사,수중공사/지질조사,시공감리",2009-06-12
STX중공업,71970,일반 목적용 기계 제조업,"조선기자재, 기계부품, 엔진산업환경발전설비, 플랜트(EPC)",2009-05-15
LG하우시스,108670,플라스틱제품 제조업,"창호재, 자동차부품 등",2009-04-20
한세실업,105630,봉제의복 제조업,의류 완제품,2009-03-20
컨버즈,109070,"골판지, 종이 상자 및 종이용기 제조업","크라프트지,박엽지",2009-03-17
미원홀딩스,107590,기타 금융업,도료첨가제,2009-03-02
NAVER,35420,"자료처리, 호스팅, 포털 및 기타 인터넷 정보매개 서비스업",포털 서비스 및 온라인 광고,2008-11-28
부국철강,26940,1차 철강 제조업,철강,2008-10-14
KB금융,105560,기타 금융업,-,2008-10-10
한국철강,104700,1차 철강 제조업,철근. 단조강. 파이프,2008-09-29
일진전기,103590,절연선 및 케이블 제조업,,2008-08-01
풍산,103140,1차 비철금속 제조업,,2008-07-30
LG이노텍,11070,전자부품 제조업,기타 전자부품 제조업,2008-07-24
명문제약,17180,의약품 제조업,"의약품(ROBAXIN 주사,KIMITE패취) 제조,판매",2008-07-10
비상교육,100220,"서적, 잡지 및 기타 인쇄물 출판업","참고서 출판/소프트웨어 개발,공급",2008-06-30
동성코퍼레이션,102260,회사 본부 및 경영 컨설팅 서비스업,,2008-06-23
쌍방울,102280,봉제의복 제조업,,2008-06-10
LG유플러스,32640,전기 통신업,"개인휴대통신서비스,음성서비스,데이터서비스,부가통신/단말기 도소매/프로그램 개발,자료제공",2008-04-21
비티원,101140,생활용품 도매업,"신발,의류,스포츠용품 도매,제조",2008-04-02
아시아나항공,20560,항공 여객 운송업,"항공운송(여객운송,화물운송)/항공기 제조,정비수리",2008-03-28
SBS미디어홀딩스,101060,텔레비전 방송업,지주회사,2008-03-24
S&TC,100840,일반 목적용 기계 제조업,"공냉식 열교환장치,폐열회수장치 제조",2008-02-22
진양홀딩스,100250,플라스틱제품 제조업,"투자,경영컨설팅",2008-02-15
엔케이,85310,"구조용 금속제품, 탱크 및 증기발생기 제조업","고압가스용기,선박용,육상용 소화설비장치,천연가스이동식충전소 제조,도매",2008-01-24
한전KPS,51600,전기 및 통신 공사업,"일반전기공사,발전설비정비공사,점검,수리,엔지니어링",2007-12-14
이아이디,93230,기타 전문 도매업,"무선통신기기부품,전시용 핸드폰모형기(ADM) 제조",2007-11-01
기신정기,92440,특수 목적용 기계 제조업,"몰드베이스,금형부품,정밀기계기구 제조,도매,무역",2007-10-30
KSS해운,44450,해상 운송업,"특수화물해상운송(케이컬,액화가스,냉동.냉장화물),선박대여",2007-10-26
효성 ITX,94280,기타 사업지원 서비스업,"컨택센터서비스, Cloud솔루션, CDN, 프로젝터판매",2007-10-25
유나이티드,33270,의약품 제조업,"홈타민 진생연질60C(비타민제),항암제,항생제,순환기계,해열진통제,소화기계약품 제조",2007-10-23
디아이씨,92200,자동차 신품 부품 제조업,"자동차부품(트란스밋숀,프런트액슬,기어,전동축),변속동력전달장치,특수공구,농기계 및 산업기계부품 제조,무역",2007-10-18
CJ제일제당,97950,기타 식품 제조업,"설탕,소맥분,조미식품,육가공식품(돈육,돼지비계,돼지식용설육),대두가공식품,사료,의약품,생활화학제품 제조,도매,무역/통신판매",2007-09-28
팬오션,28670,해상 운송업,"해상화물운송(외항,운수보관)",2007-09-21
한진중공업,97230,토목 건설업,"선박건조,기계플랜트 제조/토목공사,건축공사,조경공사,전기공사,가스공사,준설공사,기계설비공사",2007-08-31
JW홀딩스,96760,기타 금융업,의약품 수출입업,2007-07-31
SK이노베이션,96770,석유 정제품 제조업,"석유정제,석유화학제품,윤활유제품,아스팔트제품,의약중간체 제조,판매,유전개발,대체에너지사업",2007-07-25
삼성카드,29780,기타 금융업,"신용카드업,상품신용판매,현금서비스,카드론,리스,기업대출,여행업무,통신판매",2007-06-27
베트남개발1,96300,신탁업 및 집합투자업,투자신탁,2007-06-13
알루코,1780,1차 비철금속 제조업,"알루미늄제품,샷시 제조",2007-06-07
웅진씽크빅,95720,초등 교육기관,"기타출판 제조/서적,교구,통신판매 도소매/부동산 임대/교구렌탈,컴퓨터운용관련서비스",2007-05-31
맵스리얼티1,94800,신탁업 및 집합투자업,,2007-04-09
메타랩스,90370,봉제의복 제조업,"여성용 의류(캐쥬얼티셔츠,바지) 제조",2006-12-26
후성,93370,기초 화학물질 제조업,"불소화물 제조,도매",2006-12-22
LF,93050,봉제의복 제조업,"기성복, 의류, 잡화, 제조",2006-12-01
주연테크,44380,컴퓨터 및 주변장치 제조업,"각종컴퓨터,주변기기 제조/소프트웨어 개발",2006-11-15
코스맥스비티아이,44820,기타 금융업,"화장품,의약부외품 제조,도매",2006-11-13
인천도시가스,34590,연료용 가스 제조 및 배관공급업,도시가스 공급/가스설비공사,2006-11-07
삼정펄프,9770,"펄프, 종이 및 판지 제조업","지류화장지,안면용,위생용 티슈 제조,판매",2006-10-17
KEC,92220,반도체 제조업,반도체 제조,2006-10-16
KPX홀딩스,92230,기초 화학물질 제조업,지주회사,2006-10-12
HDC현대EP,89470,기타 화학제품 제조업,"합성수지(PP컴파운딩가공,자동차범퍼,내장제) 제조,도소매",2006-09-25
세원셀론텍,91090,"구조용 금속제품, 탱크 및 증기발생기 제조업","화학플랜트 설비,기계 제작(음식료,석유화학사업관련)/유공압기기 판매",2006-07-31
노루페인트,90350,기타 화학제품 제조업,페인트 제조,2006-07-03
아모레퍼시픽,90430,기타 화학제품 제조업,"화장품,생활용품 제조, 판매",2006-06-29
롯데관광개발,32350,여행사 및 기타 여행보조 서비스업,"국내외여행알선,관광개발,전세운수,항공권매매대행",2006-06-08
평화산업,90080,자동차 신품 부품 제조업,"자동차부품(방진고무,방류고무(COVER류,CUP류),호스류),장비시설용 부품 제조,판매",2006-06-02
우진플라임,49800,특수 목적용 기계 제조업,"플라스틱사출성형기 제조,판매",2006-05-24
신세계I&C,35510,"컴퓨터 프로그래밍, 시스템 통합 및 관리업","IT시스템 개발, 운영 및 유지보수, IT 컨설팅, IT장비솔루션 총판, 아웃소싱, IDC, IT기기 및 휴대폰 유통, 전자상품권",2006-05-18
진도,88790,기타 전문 도매업,"모피제품 제조,가공",2006-03-28
맥쿼리인프라,88980,신탁업 및 집합투자업,증권투자회사,2006-03-15
롯데쇼핑,23530,종합 소매업,"백화점(의류,식품 및 잡화),할인점 운영/전자상거래",2006-02-09
현대글로비스,86280,기타 운송관련 서비스업,"화물운송주선,화물포장,자동차 수리/산업용 기계장비 임대",2005-12-26
티비에이치글로벌,84870,봉제의복 제조업,"캐주얼의류,여성의류,남성의류 제조,도소매",2005-12-19
하나금융지주,86790,기타 금융업,기타 금융,2005-12-12
제일연마,1560,기타 비금속 광물제품 제조업,"연마석,다이아몬드공구 제조,도소매/주택건설",2005-12-09
현대리바트,79430,가구 제조업,"일반목재가구(책상,침실가구),주방가구,목창호,사무용가구,선실가구 제조",2005-11-22
대한제강,84010,1차 철강 제조업,"제강,철재,철근,환봉,마환봉,빌레트 제조",2005-10-31
새론오토모티브,75180,자동차 신품 부품 제조업,"자동차부품(브레이크패드,라이닝)",2005-10-21
그린케미칼,83420,기타 화학제품 제조업,"비이온계면활성제 제조,도매",2005-10-20
대상홀딩스,84690,기타 금융업,지주회사,2005-08-17
코아스,71950,가구 제조업,"사무용가구,금속가구 도매,제조",2005-08-04
이월드,84680,유원지 및 기타 오락관련 서비스업,"놀이시설 운영,입장료,식음료 소매,부동산 임대",2005-07-26
동양고속,84670,육상 여객 운송업,고속버스 운송/부동산 임대,2005-07-25
한미반도체,42700,특수 목적용 기계 제조업,"반도체 후공정장비,반도체금형 제조/부동산 매매,임대",2005-07-22
동일산업,4890,1차 철강 제조업,"봉강,합금철,철근,마봉강,냉간압조용선재,주조,지선,주강,다이아몬드공구 제조,도매",2005-06-30
삼호개발,10960,기반조성 및 시설물 축조관련 전문공사업,"토공사,철근콘크리트공사,포장공사,미장방수공사,상하수도공사,수중공사,비계구조물해체공사/골재,아스콘 제조,판매,중기임대",2005-05-12
금호타이어,73240,고무제품 제조업,"타이어,튜브 제조,도매,무역",2005-02-17
CJ CGV,79160,"영화, 비디오물, 방송프로그램 제작 및 배급업","영화상영,영화관 운영",2004-12-24
일진다이아,81000,기타 화학제품 제조업,"공업용 합성다이아몬드 제조,도매,수출입",2004-12-22
유니드,14830,기초 화학물질 제조업,"탄산칼륨,가성칼륨,가성카리,탄산카리(무기화합물),MDF(가공목재) 제조,도매",2004-12-03
상신브레이크,41650,자동차 신품 부품 제조업,"자동차 브레이크 슈 어셈블리,브레이크패드 제조/군납업,무역/부동산 임대",2004-10-27
인팩,23810,자동차 신품 부품 제조업,"자동차용 케이블,전자정보통신관련기기 제조,도매",2004-09-21
GS,78930,기타 금융업,지주회사/부동산 임대,2004-08-05
유니퀘스트,77500,기계장비 및 관련 물품 도매업,"반도체직접회로 도매,무역,제조",2004-08-05
다스코,58730,"구조용 금속제품, 탱크 및 증기발생기 제조업","데크플레이트,도로안전시설물(가드레일,강재방호책),건축용단열재보드(경질우레탄보드),신재생에너지사업",2004-08-02
LG디스플레이,34220,전자부품 제조업,액정표시장치(TFT-LCD) 제조,2004-07-23
텔코웨어,78000,"자료처리, 호스팅, 포털 및 기타 인터넷 정보매개 서비스업","소프트웨어(핵심망솔루션,무선데이터솔루션,요소기술) 개발,유지보수,무역",2004-07-20
STX엔진,77970,일반 목적용 기계 제조업,"엔진,터빈,내연기관 제조,도매",2004-05-10
NICE,34310,회사 본부 및 경영 컨설팅 서비스업,"기업신용분석,유가증권등급평정,기업정보,긍융정보,경제정보,소비자신용정보 제공,시장조사,사회여론조사,점외 CD/ATM사업",2004-02-04
대교,19680,초등 교육기관,"학습지,참고서 출판/건설업/종합유선방송 프로그램공급,디지털학원",2004-02-03
기업은행,24110,은행 및 저축기관,은행업,2003-12-24
이엔플러스,74610,일반 목적용 기계 제조업,소방자동차 제조,2003-12-23
한솔홈데코,25750,제재 및 목재 가공업,"PB,MDF,바닥재,강화,재생목재,LPM,제재목 제조,도소매,무역/임업,벌목관련 사업",2003-11-04
이수페타시스,7660,전자부품 제조업,"P.C.B(인쇄회로기판),M.L.B 제조",2003-10-07
강원랜드,35250,유원지 및 기타 오락관련 서비스업,"카지노,관광호텔,골프장,스키장,체육시설 운영",2003-09-04
YG PLUS,37270,"자료처리, 호스팅, 포털 및 기타 인터넷 정보매개 서비스업","광고대행,광고물 제작",2003-08-01
농심홀딩스,72710,기타 금융업,"지주회사,투자자문,경영컨설팅 서비스",2003-07-30
한국금융지주,71050,기타 금융업,금융지주회사,2003-07-21
유엔젤,72130,"자료처리, 호스팅, 포털 및 기타 인터넷 정보매개 서비스업","소프트웨어(무선인터넷 솔루션,ASP통신사업자용 지능망솔루션 및 단문메세지센터) 개발,공급",2003-07-01
SBS,34120,텔레비전 방송업,"TV,라디오방송,광고",2003-06-25
엔씨소프트,36570,소프트웨어 개발 및 공급업,"인터넷머그게임(리니지),그룹웨어,인터넷커뮤니티 개발,유지,공급",2003-05-22
하이스틸,71090,1차 철강 제조업,"강관 제조,도매",2003-02-17
DSR제강,69730,1차 철강 제조업,"와이어로프,각종 경강선,철선제품,PC강선,아연도 강연선 제조",2003-01-28
태경케미컬,6890,기초 화학물질 제조업,"드라이아이스,액체탄산,고체탄산 제조",2003-01-28
한농화성,11500,기타 화학제품 제조업,"계면활성제,글리콜에테르 제조,판매",2003-01-09
현대백화점,69960,종합 소매업,백화점,2002-11-25
대호에이엘,69460,1차 비철금속 제조업,"알루미늄 환절판 제조,도매,무역",2002-11-11
대웅제약,69620,의약품 제조업,"양약,의료기기 제조/화장품,의약부의품 도소매/부동산 임대",2002-11-01
마니커,27740,"도축, 육류 가공 및 저장 처리업","닭고기,햄,계육가공제품,계육,육가공제품 제조,판매,유통/양계관련사업/부동산임대/수출입대행",2002-10-29
S&T홀딩스,36530,기타 금융업,"지배,경영지도,정리,육성",2002-10-22
휴켐스,69260,기타 화학제품 제조업,"화합물,화학제품 제조",2002-10-07
세종공업,33530,자동차 신품 부품 제조업,"자동차부품,자동차소음기(머플러),배기가스정화기,배기계통부품 제조",2002-09-25
포스코강판,58430,1차 철강 제조업,"용융아연도금강판,용융알루미늄도금강판,칼라도장강판,냉연강판 가공,제조,도매",2002-08-16
삼성출판사,68290,"서적, 잡지 및 기타 인쇄물 출판업","서적 출판,인쇄,소매/부동산 임대",2002-08-05
세이브존I&C,67830,종합 소매업,"대형할인점(백화점)/부동산 임대/주차장,문화센터 운영",2002-07-25
교보증권,30610,금융 지원 서비스업,"유가증권 매매,중개,대리,인수",2002-07-18
한샘,9240,생활용품 도매업,"주방가구(씽크대),인테리어가구 판매,제조/주택신축판매",2002-07-16
신세계건설,34300,건물 건설업,"토목,건축,건축관련기술서비스,빌딩관리용역,골프장,내장공사,시설개보수,설계용역",2002-06-17
우신시스템,17370,특수 목적용 기계 제조업,"자동차차체자동화용접조립라인,용접설비,자동용접장비 제조,판매",2002-05-28
LG전자,66570,통신 및 방송 장비 제조업,"이동통신단말기,C-TV,V.C.R.,컴퓨터,완전평면 TV,플라즈마 디스플레이 패널 TV,전자제품(세탁기외),CDMA(코드분할다중접속)이동통신,전자교환기,전송기기",2002-04-22
한국콜마홀딩스,24720,기타 금융업,"화장품,의약부외품의 주문자표시 제조,도매",2002-04-09
S&T모티브,64960,자동차 신품 부품 제조업,"자동차부품(서스펜션모듈,전장품,속옵서버,에어백,트로틀바디,너클),방산품(총포) 제조,도매",2002-03-11
광주신세계,37710,종합 소매업,백화점,2002-02-07
일진디스플,20760,반도체 제조업,"박막액정표시장치(TFT-LCD) 패널,LT(리튬탄탈에이트)웨이퍼,분말야금제품(초고압용공구),보석다이아몬드 제조,판매/종합건설",2002-01-09
필룩스,33180,전자부품 제조업,"전자부품(페라이트코아,트랜스포머,데코램프) 제조/온라인정보 제공/부동산 임대",2001-12-26
종근당바이오,63160,의약품 제조업,"의약품,원료의약품 제조",2001-12-11
신한지주,55550,기타 금융업,금융지주회사,2001-09-10
코웨이,21240,그외 기타 개인 서비스업,"렌탈 서비스(정수기,비데, 필터교환 등), 가정용기기 도매,판매,제조,폐기물처리설비,수출(정수기,청정기)",2001-08-07
세아홀딩스,58650,1차 철강 제조업,지주회사/투자 및 경영컨설팅/부동산 임대,2001-07-30
LG생활건강,51900,기타 화학제품 제조업,"화장품,생활용품 제조,도매",2001-04-25
LG화학,51910,기초 화학물질 제조업,"유화/기능/합성수지,재생섬유소,산업재,리튬이온전지,평광판,PVC 제조,도매",2001-04-25
대우건설,47040,건물 건설업,"아파트건설,토목공사,건축공사,포장공사,전기공사,무역/중장비 대여",2001-03-23
포스코인터내셔널,47050,상품 중개업,"무역(철강,화학,자동차부품),수출주선,대행,알선,가공원단,폴리우레탄,자동차시트 제조",2001-03-23
대우조선해양,42660,선박 및 보트 건조업,선박 제조,2001-02-02
두산인프라코어,42670,특수 목적용 기계 제조업,"굴삭기,엔진 제조,도소매",2001-02-02
진양화학,51630,플라스틱제품 제조업,"레쟈,바닥재 제조",2001-01-29
동원F&B,49770,기타 식품 제조업,"참치캔,음료,냉동식품 제조,판매",2000-11-23
두산중공업,34020,일반 목적용 기계 제조업,"기관,터어빈,선박용엔진,주단조품,제강제품 제조/종합건설",2000-10-25
한국내화,10040,"내화, 비내화 요업제품 제조업","내화벽돌,내화몰탈,축로등 제조,판매",2000-10-16
한세예스24홀딩스,16450,봉제의복 제조업,"의류(니트) 제조,도소매,원단 제조,부동산 임대",2000-01-06
대성홀딩스,16710,회사 본부 및 경영 컨설팅 서비스업,"도시가스,일반가스 공급/가스기기,차량용 연료 판매/해외자원개발,부동산 임대",1999-12-22
대원제약,3220,의약품 제조업,"의약품(해열소염진통제,진해거담제,동맥경화용제,혈압강하제 등), 건강기능식품(프로바이오틱스 등)",1999-12-15
한국가스공사,36460,연료용 가스 제조 및 배관공급업,"액화천연가스 공급,제조,도매,개발",1999-12-15
미래아이앤지,7120,"컴퓨터 프로그래밍, 시스템 통합 및 관리업","CCTV, DVR제조, 금융솔루션, 방산제품",1999-11-26
화천기공,850,특수 목적용 기계 제조업,"CNC선반,CNC밀링,연마기(금속공작기계),MC공작기계,COPY밀링기계,주방품 제조,도매",1999-11-18
팜스코,36580,"곡물가공품, 전분 및 전분제품 제조업","배합사료 제조,도매",1999-10-25
케이티앤지,33780,담배 제조업,"잎담배,제조담배,홍삼,홍삼제품 제조,판매",1999-10-08
한국조선해양,9540,선박 및 보트 건조업,"선박,해양구조물,엔진,펌프 전동기,중전기,중장비 제조/자동창고,물류시스템",1999-08-24
디씨엠,24090,1차 철강 제조업,"PCM(칼라강판),라미네이트강판,산업용필름 제조,판매",1999-08-18
AK홀딩스,6840,기타 금융업,지주사업,1999-08-11
대한유화,6650,기초 화학물질 제조업,"폴리프로필렌,고밀도폴리에틸렌,나프타분해유분,올레핀류,혼합C4류,분해가솔린 제조",1999-08-11
백산,35150,플라스틱제품 제조업,"P.U.인조피혁,부직포인공피혁 제조,무역",1999-08-11
지투알,35000,회사 본부 및 경영 컨설팅 서비스업,지주회사,1999-08-11
체시스,33250,자동차 신품 부품 제조업,"자동차부품,뒷차축 제조",1999-08-11
자화전자,33240,전자부품 제조업,"Bonded magenet,플라스틱자성제품,티탄산 바륨계 반도체소자,휴대전화용 Vibration Motor,전자관,전자부품 제조",1999-01-06
케이티,30200,전기 통신업,"유무선통신사업,공중전기통신사업,인터넷,전자상거래,네트워크(전용회선,데이터통신,초고속사업 등)",1998-12-23
하이트론씨스템즈,19490,영상 및 음향기기 제조업,"영상음향기기(보안시스템,CCTV용 모니터,CRT,화상회의시스템),정보통신기기 제조",1998-11-04
제일기획,30000,광고업,"광고 대행/광고물,영화 제작,인쇄,출판",1998-03-03
디피씨,26890,"전동기, 발전기 및 전기 변환 · 공급 · 제어 장치 제조업","전자레인지용 고압변성기,리엑터,디지탈위성방송수신기 제조",1997-11-25
케이씨,29460,"측정, 시험, 항해, 제어 및 기타 정밀기기 제조업; 광학기기 제외",가스/Chemical 공급 장치 등 제조 및 판매,1997-11-25
대원화성,24890,플라스틱제품 제조업,"합성피혁,벽지,DMF(폐용수)정제,방수투습원단,화공약 임가공,제조,도매,수출입",1997-10-28
E1,17940,기타 전문 도매업,"LPG(프로판,부탄가스),가스기기판매",1997-08-27
SK가스,18670,기타 전문 도매업,"액화석유가스,가스기기 판매,수입,저장",1997-08-27
다우기술,23590,"자료처리, 호스팅, 포털 및 기타 인터넷 정보매개 서비스업","인터넷솔루션 개발,도매,IT컨설팅,시스템 설계,자문,인터넷관련서비스/부동산분양,개발,임대",1997-08-27
영보화학,14440,플라스틱제품 제조업,"가교발포폴리에틸렌(아티론,영보드) 제조,판매",1997-08-27
SKC,11790,기타 화학제품 제조업,"폴리에스테르필름,합성수지,LCD용 필름 제조",1997-07-18
웰바이오텍,10600,상품 중개업,"피혁의류 도,소매,의류 판매,수입,피혁(GRAIN LEATHER) 제조",1997-07-18
한국주강,25890,특수 목적용 기계 제조업,"주강,주물 제조,도매",1997-07-18
덕양산업,24900,자동차 신품 부품 제조업,"자동차부품(CRASH PAD,TRIM PANEL) 제조,판매",1997-06-23
부산도시가스,15350,연료용 가스 제조 및 배관공급업,"도시가스 배관공급,가스기기 판매,설비공사",1997-06-23
에쓰씨엔지니어링,23960,토목 건설업,"기술용역(건축설계) 서비스/화학플랜트 설비,기계 제작(음식료,석유화학사업관련)/유공압기기 판매",1997-06-23
인지컨트롤스,23800,자동차 신품 부품 제조업,"자동차부품(터머스위치,터머스탯) 제조",1997-06-23
경동인베스트,12320,기타 금융업,지주회사,1997-03-07
에스제이엠홀딩스,25530,자동차 부품 및 내장품 판매업,지주회사및경영자문,1997-02-12
콤텍시스템,31820,"컴퓨터 프로그래밍, 시스템 통합 및 관리업","시스템(네트웍) 구축/데이터통신장비(모뎀,먹스),종합네트워크시스템 제조,설치,유지보수",1997-02-12
SK하이닉스,660,반도체 제조업,"반도체,컴퓨터,통신기기 제조,도매",1996-12-26
MH에탄올,23150,알코올음료 제조업,"주정,탄산가스 제조",1996-12-24
국동,5320,생활용품 도매업,"셔츠,스웨터,파자마(섬유제품) 제조,판매,수출/부동산 임대",1996-12-24
동남합성,23450,기초 화학물질 제조업,"계면활성제,정밀화학품 제조,도매/부동산 임대",1996-12-24
삼성엔지니어링,28050,"건축기술, 엔지니어링 및 관련 기술 서비스업","산업설비,건물,구축물,토목시설의 설계,시공,공사감리",1996-12-24
신도리코,29530,컴퓨터 및 주변장치 제조업,"복사기,팩시밀리,프린터,주변기기 제조,판매",1996-12-24
예스코홀딩스,15360,기타 금융업,지주사업,1996-12-24
퍼시스,16800,가구 제조업,"사무용 가구,의자,책상,캐비넷 제조",1996-12-24
WISCOM,24070,플라스틱제품 제조업,"플라스틱제품(PVC컴파운드,ABS,PS가공) 제조,도매,임가공",1996-11-22
동원수산,30720,어로 어업,"원양어업/수산물 제조,가공/참치어류 냉동냉장업",1996-11-22
미래산업,25560,"측정, 시험, 항해, 제어 및 기타 정밀기기 제조업; 광학기기 제외","PCB마운터,반도체검사장비(반도체테스트핸들러),LCD 검사장비,리드프레임매가진 제조,도매,무역",1996-11-22
KTB투자증권,30210,금융 지원 서비스업,"금융업, 서비스, 부동산",1996-11-19
HDC,12630,기타 금융업,"토목공사,건축공사,아파트분양사업,재개발/재건축사업",1996-10-16
광전자,17900,반도체 제조업,"트랜지스터,SMD TR,발광소자,리모콘모듈,발광다이오드(L.E.D),다이오드용웨이퍼팹(Fab) 제조,판매",1996-10-16
한국단자공업,25540,"전동기, 발전기 및 전기 변환 · 공급 · 제어 장치 제조업","전기변환장치(광커넥터,통신용콘넥터,정밀압착단자설계) 제조,무역(수출)",1996-10-16
디아이,3160,"측정, 시험, 항해, 제어 및 기타 정밀기기 제조업; 광학기기 제외","반도체검사장비,전자부품,레저용품,석제품 제조,판매,오파,부동산임대업",1996-07-31
신성이엔지,11930,반도체 제조업,"태양전지, 태양광모듈 제조 및 판매, 태양광 발전설치공사, 클린룸, 자동화장비",1996-07-31
티에이치엔,19180,기타 전기장비 제조업,"자동차부품(전기배선장치류) 제조,도매",1996-07-31
한온시스템,18880,일반 목적용 기계 제조업,"자동차용부품(라디에이터,히터,에어콘,압축기,콘덴서,컴퓨레사) 제조,도매",1996-07-31
세원정공,21820,자동차 신품 부품 제조업,"자동차부품(차체류,램프류) 제조",1996-07-03
세하,27970,"펄프, 종이 및 판지 제조업","백판지,마니라판지,지류,하수처리기계 제조/상하수도설비공사,수질오염방지시설공사",1996-07-03
영풍제지,6740,"골판지, 종이 상자 및 종이용기 제조업","골판지원지,지관원지,라이나원지 제조",1996-07-03
유니온,910,"시멘트, 석회, 플라스터 및 그 제품 제조업","백시멘트,타일시멘트,알루미나시멘트,용융알루미나,급결제,필터프레스,유니필터제조,도매",1996-07-03
키다리스튜디오,20120,"자료처리, 호스팅, 포털 및 기타 인터넷 정보매개 서비스업","만화, 소설 등 콘텐츠 제작 및 유통, 판매, 컴퓨터 프로그래밍, 시스템 통합 및 관리업",1996-07-03
한섬,20000,봉제의복 제조업,"여성의류,금속 액세서리,신발,가방,선글라스 제조,판매",1996-07-03
현대엘리베이터,17800,일반 목적용 기계 제조업,"엘리베이터,에스컬레이터,공항,공정,크린룸,병원 물류시스템,수,배송센터,고속소팅시스템,주차설비 제조,판매,보수",1996-07-03
환인제약,16580,의약품 제조업,"의약품(신경정신질환치료제,소화기관용약제,연고) 제조,도매",1996-07-03
계룡건설산업,13580,토목 건설업,"건축공사,주택공사,토목공사,포장공사,전기공사",1996-01-30
서원,21050,금속 주조업,"비철금속(황동 빌레트,인코트) 제조,재생원료생산",1996-01-30
에스원,12750,"경비, 경호 및 탐정업","부가통신 서비스(경비),안전관리용역,CCTV카메라",1996-01-30
태경산업,15890,기초 화학물질 제조업,"제강용 정련제(프락스),카바이드,중질탈산칼슘 제조,판매/고속도로휴게소 운영",1996-01-30
신대양제지,16590,"골판지, 종이 상자 및 종이용기 제조업","골판지용 골심지,라이너지 제조,수출입",1995-12-21
유양디앤유,11690,반도체 제조업,"혼성직접회로,통신기기 제조/화공약품,케이블 도매",1995-12-21
남해화학,25860,"비료, 농약 및 살균, 살충제 제조업","비료(요소,복합비료),공업제품원료 제조,도매",1995-11-10
동원금속,18500,자동차 신품 부품 제조업,"자동차부품(도어후레임,머플러,임팩트빔),강관 제조,판매",1995-11-10
성안,11300,직물직조 및 직물제품 제조업,"제직,염색,폴리에스터직물,자수직물봉제 제조,판매/임대료,관리비 수입",1995-11-10
HMM,11200,해상 운송업,"정기,부정기,전용선,콘테이너선,자동차선,LNG선 해운",1995-10-05
경인양행,12610,기초 화학물질 제조업,"반응성염료,직접염료,산성염료,삼원색원료 제조,수출입",1995-10-05
풀무원,17810,기타 식품 제조업,"두부류,생면류,나물류,냉동류,조미류,김치류,묵류,녹즙,과채음료,건강보조식품 판매,제조,생식품 수출",1995-10-05
서울도시가스,17390,연료용 가스 제조 및 배관공급업,"도시가스공급,가스공급설비공사",1995-08-18
이구산업,25820,1차 비철금속 제조업,"동판.조,황동판.조,인청동판.조 제조,임가공/부동산 임대",1995-08-18
에넥스,11090,가구 제조업,"씽크상판,주방기기,목재케비넷,유해가스저감장치시설 제조,판매",1995-07-08
에이프로젠 KIC,7460,기타 금속 가공제품 제조업,"단열장치,철구조물,가열로,특수단열재(금속표면경화육성,원자로용) 제조/단열공사/부동산 임대",1995-07-08
제이준코스메틱,25620,기타 화학제품 제조업,화장품 제조 판매,1995-07-08
한국카본,17960,"구조용 금속제품, 탱크 및 증기발생기 제조업","탄소섬유(카본프리프레그(낚시대,테니스라켓,골프 Shaft,스포츠레저용품)),합성수지,글라스페이퍼,LNG선박용 단열판넬 제조,도매",1995-07-08
KPX케미칼,25000,기초 화학물질 제조업,"PPG,PU RESIN,우레탄수지,대향막박리재,반도체 CM PAD,Polyether Polyol,산업용기초화학제품,화공약품 제조,판매",1994-12-27
지코,10580,자동차 신품 부품 제조업,"자동차부품(워터펌프,오일펌프,엔진헤드(GV6),프론트케이스) 제조",1994-12-27
태평양물산,7980,봉제의복 제조업,"봉제의류(자켓,파카,코트),침구 제조,우모가공,생활용품 도소매,무역",1994-12-27
KC그린홀딩스,9440,기타 금융업,"환경방지오염시설(전기집진기,배연탈황설비,여과집진기,세정식집진기),제어장치 제조,설치",1994-11-05
문배철강,8420,1차 철강 제조업,"철강재중 판재류(후판,박판,무늬강판) 제조,도매",1994-11-05
웅진,16880,기타 금융업,"교육서비스(웅진아이큐,중.고교학습,어린이마을),도서,잡지 출판/부동산 임대/인터넷관련사업",1994-11-05
오뚜기,7310,기타 식품 제조업,"라면,마요네즈,카레,스프,당면,소오스,토마토케첩,마가린,냉동생지(바게트,크로와상),참치캔,식초,3분짜장 제조",1994-08-12
일정실업,8500,편조원단 제조업,"자동차시트원단,의류,완구직물 제조,염색가공",1994-08-12
한라,14790,토목 건설업,"토목,건축,전기,환경사업,준설공사,포장공사,주택,중기임대",1994-08-12
엘에스일렉트릭,10120,"전동기, 발전기 및 전기 변환 · 공급 · 제어 장치 제조업","고압기기,저압기기,변압기,배전반,PLC,인버터,빌딩설비,공조기,건축배관,자동화기기 제조,동가공",1994-07-11
대양금속,9190,1차 철강 제조업,스테인레스 냉연강판 제조,1994-04-29
이화산업,760,기타 전문 도매업,"염료(반응성염료,분산염료,범용염료,직접염료,산성염료),염료화성품,합성수지,고무 도매,제조",1994-04-29
동원시스템즈,14820,플라스틱제품 제조업,포장용 플라스틱제품 제조 외,1994-03-29
삼성중공업,10140,선박 및 보트 건조업,"선박(벌크선,원유운반선),철구조물,에너지플랜트 생산,판매/토목건축업",1994-01-28
모토닉,9680,자동차 신품 부품 제조업,"자동차용 기화기(캬브레타,다이캐스트,연료펌프) 제조,판매",1994-01-14
화신,10690,자동차 신품 부품 제조업,"자동차엔진부품(ARM류,C/MBR류),자동차부품 제조",1994-01-14
삼화페인트공업,390,기타 화학제품 제조업,"건축용페인트,공업용페인트,분체도료 등 제조",1993-09-10
경동나비엔,9450,가정용 기기 제조업,"가정용기름보일러,입형,횡형 온수보일러,가스보일러,버너,흡수식 냉온수기,전기보일러,진공온수보일러,태양열보일러 제조,판매",1993-08-31
DB,12030,"컴퓨터 프로그래밍, 시스템 통합 및 관리업","컴퓨터 프로그래밍, 시스템 통합 및 관리",1993-01-06
삼광글라스,5090,유리 및 유리제품 제조업,"병유리(투명유리병/칼라유리병/박카스병/쥬스병/커피병/소주병/화장품용기),유리식기,크리스탈용기,렌지용 주방용기의 제조 판매",1993-01-06
대림비앤코,5750,"내화, 비내화 요업제품 제조업","위생도기,내장타일,조립식욕실제품 제조,판매/부동산 임대",1992-12-23
대한해운,5880,해상 운송업,"외항화물운송,국제해운대리점",1992-04-23
메리츠증권,8560,금융 지원 서비스업,"유가증권의 위탁매매,자기매매,인수공모주선업무",1992-01-15
휴니드테크놀러지스,5870,통신 및 방송 장비 제조업,"무선통신기기,군납용무전기,위성방송수신기 제조",1991-09-03
수산중공업,17550,특수 목적용 기계 제조업,"유압브레이커,트럭크레인,플라즈마 파암장비,특장차,산업기계,건설기계 제조,도매",1991-08-30
롯데케미칼,11170,기초 화학물질 제조업,"폴리프로필렌,고밀도폴리에틸렌,에틸렌글리콜,벤젠,에틸렌옥사이드,합성지,부산물 제조",1991-05-30
세아베스틸,1430,1차 철강 제조업,"특수강,철도용품,자동차부품 제조,수출입",1991-03-12
호텔신라,8770,기타 상품 전문 소매업,"면세판매,관광숙박,외식사업,예식업",1991-03-12
태경비케이,14580,"시멘트, 석회, 플라스터 및 그 제품 제조업","생석회,소석회,석회비료 제조,판매/비금속광물 광업/산업폐기물 재생처리/휴게소 운영",1991-03-07
화승알앤에이,13520,자동차 신품 부품 제조업,"자동차용 고무제품(제조저압호스,고압호스,산업용고무호스,,WEATHER STIRP,고무판,콘베어벨트) 제조,판매,수출입",1991-02-22
신흥,4080,기계장비 및 관련 물품 도매업,"치과용기자재(방사선장치,전기진단장치),주사침 도소매,제조/부동산 임대",1991-02-08
화승인더스트리,6060,플라스틱제품 제조업,"포장용 합성수지 제조/신발,필름 판매/부동산 임대",1991-02-04
극동유화,14530,석유 정제품 제조업,"윤활유,유동파라핀,왁스,방수용시트,아스팔트 제조/수입자동차,부품 도매/가스충전,산업설비 청소",1991-01-31
고려산업,2140,"곡물가공품, 전분 및 전분제품 제조업","배합사료,플라스틱용기 제조/부동산 임대",1991-01-14
대현,16090,봉제의복 제조업,"여성의류 및 악세사리류 제조,도매,유통(백화점)",1990-09-20
케이비아이동국실업,1620,자동차 신품 부품 제조업,"자동차부품(에어닥트,글로벌박스,노즐,어셈블리류,핸들류) 제조,판매/공장 임대",1990-09-15
광명전기,17040,"전동기, 발전기 및 전기 변환 · 공급 · 제어 장치 제조업","수배전반,가스절연개폐장치,빌딩자동화시스템,중앙감시반,자동제어반 제조,도소매,무역",1990-09-14
부산산업,11390,"시멘트, 석회, 플라스터 및 그 제품 제조업","레미콘 제조,판매",1990-09-14
STX,11810,상품 종합 도매업,"에너지 원료(석탄,석유),산업기자재(기계부품) 도매",1990-09-12
고려아연,10130,1차 비철금속 제조업,"연,아연괴 제조,판매",1990-07-28
센트럴인사이트,12600,일반 목적용 기계 제조업,"금융단말기(현금자동입출금기,온라인단말기),통신기기 제조,판매",1990-07-10
우리들제약,4720,의약품 제조업,의약품 외,1990-06-15
무림페이퍼,9200,"펄프, 종이 및 판지 제조업","지류,아트지,백상지 제조",1990-06-09
현대차증권,1500,금융 지원 서비스업,"유가증권의매매,위탁매매,유가증권의 중개,대리/부동산 임대",1990-06-09
금비,8870,유리 및 유리제품 제조업,"유리제품(주류병) 제조/화장품 도소매,수입(병제조기기)",1990-06-08
대동전자,8110,통신 및 방송 장비 제조업,"통신음향,전자기계기구용 플라스틱제품 제조,도매",1990-06-05
원림,5820,직물직조 및 직물제품 제조업,"고무,플라스틱제품,산업용포장재,PP.BAG,타포린 제조,도매/부동산 임대/주택 신축,판매/인터넷 정보통신/벤처회사 투자",1990-04-20
서흥,8490,기타 화학제품 제조업,"의약품(하드캅셀,건강보조식품,소프트캅셀),건강보조식품,인삼제품 제조,판매",1990-03-27
성문전자,14910,전자부품 제조업,"콘덴서용 증착필름,압력분무식 플러스자동도포기 제조,판매",1990-03-24
넥스트사이언스,3580,기타 비금속광물 광업,"무연탄채굴,원유,유전개발,가스전 개발/부동산 임대",1990-03-23
일진홀딩스,15860,기타 금융업,"전기산업용기기(개폐기,차단기,배전반),자동화시스템,자동차엔진부품,절연전선,금구류,고압선,저압선 제조,판매/전기공사,가스절연차단기",1990-03-22
대영포장,14160,"골판지, 종이 상자 및 종이용기 제조업","골판지원단,골판지상자 제조",1990-03-06
영화금속,12280,자동차 신품 부품 제조업,"자동차부품,건축자재(관이음쇠) 제조,판매",1990-01-25
신풍제약,19170,의약품 제조업,"의약품(항생제,혈전용해제,향정신성약품,구충제) 제조,판매",1990-01-20
동성제약,2210,의약품 제조업,"의약품,화장품 제조,도매",1990-01-19
키위미디어그룹,12170,"영화, 비디오물, 방송프로그램 제작 및 배급업",석탄(점결탄) 판매,1989-12-20
한올바이오파마,9420,의약품 제조업,"의약품 제조,도매/부동산 임대",1989-12-18
유니켐,11330,"가죽, 가방 및 유사제품 제조업","피혁 제조,도매,무역,부동산임대",1989-12-14
대창,12800,1차 비철금속 제조업,"황동봉,동합금괴 제조,판매",1989-12-05
국보,1140,도로 화물 운송업,"화물자동차운송,콘테이너운송,수출입화물보관,도로운송,CY보관,하역",1989-12-02
일성건설,13360,토목 건설업,"건축공사,토목공사,전기공사",1989-12-02
까뮤이앤씨,13700,건물 건설업,"토목공사,건축공사/부동산 임대",1989-11-30
보락,2760,기타 화학제품 제조업,"식품향료,식품첨가물,화학제품,껌베이스(자일리톨,에리스리톨),담배향료 제조,판매",1989-11-30
선도전기,7610,"전동기, 발전기 및 전기 변환 · 공급 · 제어 장치 제조업","수배전반,중전기기 제조,도매/전기공사",1989-11-30
씨아이테크,4920,그외 기타 제품 제조업,"컴퓨터 소프트웨어,하드웨어 서버,도매",1989-11-30
광동제약,9290,의약품 제조업,"의약품,식음료 제조,도매",1989-11-17
갤럭시아에스엠,11420,스포츠 서비스업,"스포츠중계권,스포츠마케팅,광고",1989-11-14
남성,4270,기타 전문 도매업,"수출입(카오디오)/통신기기 제조,판매/이동통신,유선방송,정보통신/생활필수품,식품 판매/부동산 임대",1989-11-14
KISCO홀딩스,1940,1차 철강 제조업,지주사업,1989-11-13
태영건설,9410,토목 건설업,"종합건설업(토목공사,도로공사,건축공사,관급공사,환경공사,상하수도공사,하수종말처리공사)/부동산 임대,매매",1989-11-13
한국특수형강,7280,1차 철강 제조업,"철강압연제품(앵글,이형형강,평철,환봉) 제조,판매",1989-11-13
한솔로지스틱스,9180,기타 운송관련 서비스업,"지류펄프 보관창고 운영/화물취급,화물운송알선,물류컨설팅/종합쇼핑몰운영,통신판매,인터넷백화점",1989-11-13
삼양통상,2170,"가죽, 가방 및 유사제품 제조업","피혁원단,혁제운동화,혁제장갑,혁제스포츠용품 제조,상품중개,무역",1989-11-10
SK텔레콤,17670,전기 통신업,"이동전화,무선호출서비스,부가통신",1989-11-07
진양폴리우레탄,10640,플라스틱제품 제조업,"폴리우레탄,폴리우레탄스폰지 제조,판매",1989-09-30
미창석유공업,3650,석유 정제품 제조업,"윤활유,고무배합유,전기절연유 제조,판매,수출입",1989-09-27
삼익THK,4380,일반 목적용 기계 제조업,"직선운동시스템,메카트로시스템,기타정밀 자동화기기 제조,판매/전자상거래,인터넷 관련 s/w,h/w 개발,판매,유지보수",1989-09-26
미원상사,2840,기타 화학제품 제조업,"계면활성제,분황,황산,도료첨가제,프라스틱첨가제 제조",1989-09-25
서연,7860,기타 금융업,"자동차부품(승용차내장품-도어트림,헤드라이닝,승용차시트) 제조,도매",1989-09-09
세우글로벌,13000,기타 전문 도매업,"화공약품.엔지니어링 플라스틱,페놀계제품,석유화학제품 판매/철재가구,사무목재가구 제조/교육사업",1989-09-05
현대모비스,12330,자동차 신품 부품 제조업,"자동차A/S용 부품,컨테이너,특수중기,산업기계제품 생산,판매,부품모듈화,부품수출사업,환경/플랜트사업,특수중기부문(컨테이너)",1989-09-05
쎌마테라퓨틱스,15540,기타 사업지원 서비스업,상품권유통,1989-09-02
KG케미칼,1390,기초 화학물질 제조업,"콘크리트혼화제, 비료, 친환경농자재, 수처리제",1989-08-25
대우부품,9320,자동차 신품 부품 제조업,"전해콘덴서,복합부품,전자튜너 제조",1989-08-25
현대해상,1450,보험업,손해보험(자동차보험),1989-08-25
현대그린푸드,5440,종합 소매업,"백화점,여행알선,숙박,음식점/부동산 임대",1989-08-22
한국전력공사,15760,전기업,"전력자원개발,발전,송전,전력용기자재확보",1989-08-10
국도화학,7690,기초 화학물질 제조업,"에폭시수지,폴리아마이드수지,아염소산소다 제조,도소매",1989-08-05
녹십자,6280,의약품 제조업,"알부민외 제조,판매",1989-08-01
SIMPAC,9160,특수 목적용 기계 제조업,"프레스,자동화장치,자동차부품 제조,도매",1989-07-29
윌비스,8600,생활용품 도매업,"스웨터,니트,셔츠 도매,제조/컴퓨터주변기기 무역,오파,임대",1989-07-28
대창단조,15230,자동차 신품 부품 제조업,"자동차,중장비 부품(크랭크샤프트,트랙링크조립체,커넥팅로드,중장비롤러류),기어,동력전달장치,단조가공품,단조품 제조",1989-07-25
사조산업,7160,어로 어업,"원양어업(참치,명태,오징어),육가공,참치통조림,장류 제조/냉동냉장 창고운영/부동산 임대/컴퓨터,소프트웨어 개발,도매/팝콘,구운김 도매",1989-07-25
한익스프레스,14130,도로 화물 운송업,"특수화물 운송(유류,화학류,벌크제품 등),냉동차,탱크로리운송,복합운송 주선,임대,택배/특장차,중기 제조,판매",1989-07-25
사조동아원,8040,"곡물가공품, 전분 및 전분제품 제조업","제분, 배합사료 제조",1989-06-24
경인전자,9140,전자부품 제조업,"스위치,리모콘,배선기구,섬머스타트,게임기,전자부품 제조,판매",1989-06-20
무림P&P,9580,"펄프, 종이 및 판지 제조업","표백화학펄프(B.K.P) 제조,목재가공,조림사업",1989-06-20
인디에프,14990,봉제의복 제조업,"여성의류,남성의류,캐쥬얼웨어 제조",1989-06-20
한솔피엔에스,10420,기타 전문 도매업,"정보시스템구축 및 유지보수, 포장재제조 및 가공, 지류가공 및 판매",1989-05-31
디와이,13570,기타 금융업,"자동차부품,유공압기기,소각로,자동세차기,하훼유통,발효기,모터 제조",1989-05-30
방림,3610,직물직조 및 직물제품 제조업,"P/C혼방직물,면방적,각종사류,직물류 제조,도소매",1989-05-30
큐로,15590,일반 목적용 기계 제조업,"열교환기,압력용기,저장탱크,산업용보일러 제조",1989-05-27
한솔케미칼,14680,기초 화학물질 제조업,"과산화수소,라텍스,요소수지,수소액화탄산,차아황산소다 제조,판매,디지털카메라용 인화필름 제조,수출",1989-05-20
퍼스텍,10820,무기 및 총포탄 제조업,"방위산업제품,프린터,불소화합물,자동차용 매트 제조/얼굴인식시스템 개발",1989-05-10
동원산업,6040,어로 어업,"원양어업,수산물가공(참치캔,맛김,어묵,맛살),도소매/음료사업(상쾌한아침)",1989-03-07
대덕,8060,전자부품 제조업,"산업용 인쇄회로기판,다층 인쇄회로기판,빌드업기판,반도체패키지기판,메모리모듈기판 제조",1989-01-26
한성기업,3680,수산물 가공 및 저장 처리업,"냉동식품,햄제품 제조,도매,보관/원양어업",1989-01-26
이스타코,15020,부동산 임대 및 공급업,부동산 분양/입시학원 운영,1988-12-23
태림포장,11280,"골판지, 종이 상자 및 종이용기 제조업","골판지,골판지상자,수출용박스 제조,도매/인쇄",1988-12-20
아세아제지,2310,"골판지, 종이 상자 및 종이용기 제조업","골판지원지,석고보드원지,크라프트원지,라이나원지,라이너지 제조,판매",1988-12-15
화천기계,10660,특수 목적용 기계 제조업,"선반,밀링,연삭기,CNC선반,CNC밀링,머시닝센타 제조,판매/자동차부품(실린더블럭) 제조",1988-12-12
CJ씨푸드,11150,기타 식품 제조업,"수산물(어묵,맛살)가공품 도매,원양수산업,수출입",1988-11-26
신화실업,1770,1차 철강 제조업,"석도강판,표면처리강판 제조,임가공,판매",1988-11-23
조일알미늄,18470,1차 비철금속 제조업,"알루미늄판 제조,도매",1988-11-22
에스엘,5850,자동차 신품 부품 제조업,"자동차부품(자동차램프류,샤시와조향기기,케스터홀더) 제조",1988-11-08
영원무역홀딩스,9970,기타 금융업,"스포츠의류(등산복,운동복,스키복) 도소매,수출,섬유봉제",1988-11-07
더존비즈온,12510,"컴퓨터 프로그래밍, 시스템 통합 및 관리업",응용 소프트웨어 개발 및 공급업,1988-10-28
보령제약,3850,의약품 제조업,"의약품(제산제(겔포스),구심,용각산,고혈압치료제(카프릴),소염진통제(멘소레담),항생제(듀리세프),혈전치료제(아스트릭스)) 제조",1988-10-24
폴루스바이오팜,7630,상품 중개업,"정밀전자계측기,이동통신장비,무선호출기,파형관측기,인공위성수신기 제조",1988-10-24
이건산업,8250,나무제품 제조업,"컨테이너용합판,목재 파렛트,프레스우드 파렛트,가공목재,제재목 제조/부동산 임대",1988-10-21
모나리자,12690,기타 종이 및 판지 제품 제조업,"화장지,미용티슈 제조,도매",1988-10-14
대구백화점,6370,종합 소매업,"백화점운영,임대사업(백화점 코너)",1988-10-10
우성사료,6980,"곡물가공품, 전분 및 전분제품 제조업","배합사료,Suit-feed(맞춤 TMR(육성우,건유우,착유우) 사료),농후사료,곡류(강피류 등 부산물) 제조,판매/부동산 임대,무역",1988-10-10
유성기업,2920,자동차 신품 부품 제조업,"철도차량부품(피스턴링,실린더라이너,발브가이드,타펫트),자동차부품,주강,주물 제조,판매",1988-10-10
한일철강,2220,1차 철강 제조업,"강관류,철판류,금속관류,건축자재,자동차부품 제조,도매",1988-10-07
삼익악기,2450,악기 제조업,"피아노,기타,현악기,전자악기,동 부분품 제조,임대,도매",1988-09-30
화성산업,2460,건물 건설업,아파트 건설,1988-09-29
디티알오토모티브,7340,일차전지 및 축전지 제조업,자동차용 밧데리,1988-09-24
보해양조,890,알코올음료 제조업,"주류(소주,매취,실비우스,위스키) 제조,음료 도매",1988-09-23
상상인증권,1290,금융 지원 서비스업,유가증권 매매,1988-09-23
혜인,3010,기계장비 및 관련 물품 도매업,"건설기계,산업용 기계장비(진공흡인차,세정차),스테거크레인,비상용발전기,해상용엔진 도소매/창고",1988-09-20
금강공업,14280,1차 철강 제조업,"건설가설재,강관,거푸집 제조,판매",1988-09-10
엔케이물산,9810,기타 전문 도매업,유연성 산업용 포장재(FIBC) 제조 판매,1988-08-31
율촌화학,8730,플라스틱제품 제조업,"연포장재,필름,골판지상자,합성수지,플라스틱일반성형제품 제조",1988-08-30
신원,9270,봉제의복 제조업,"여성,남성의류,스웨터,의복관련 악세사리,사카린,망초 제조,판매,수출입/섬유의류 도매/신용카드업/의류전문 물류대행 및 임대사업",1988-08-24
동방,4140,기타 운송관련 서비스업,"육상운송,해상운송,항만화물하역,보관,창고,물류사업",1988-08-10
한국쉘석유,2960,석유 정제품 제조업,"윤활유,그리스 제조,도매",1988-08-10
부광약품,3000,의약품 제조업,"의약품,치약,의약부외품(부광탁스,레가론,부광안티프라그) 제조",1988-08-05
풍산홀딩스,5810,기타 금융업,"동판제,대,관,봉,선,소전,동파이프 제조,도매,무역",1988-07-28
부국증권,1270,금융 지원 서비스업,"유가증권 매매,위탁매매,인수,주선",1988-07-19
계양전기,12200,일반 목적용 기계 제조업,"전동공구(그라인더,드릴,커팅머신 등), 엔진, 자동차용 모터 제조",1988-07-06
한솔테크닉스,4710,전자부품 제조업,"백라이트유닛,인버터,폴리바리콘,모니터,통신장비 제조",1988-07-06
동성화학,5190,기초 화학물질 제조업,"화합물,화학제품(폴리우레탄수지,접착제,표면처리제,특수도료,폴리올) 제조",1988-07-01
DB금융투자,16610,금융 지원 서비스업,"유가증권,위탁매매,인수,자기매매",1988-06-27
한미사이언스,8930,기타 금융업,"항생제(세포탁심,세포트리악손),유산균정장제(메디락비타,메디락베베),위장관운동조절개선제(설프라이드),고혈압치료제(유니바스크),원료의약품,식품 제조,판매",1988-06-20
삼진제약,5500,의약품 제조업,"의약품(게보린,세트라졸,염산나록손) 제조,판매,수출입,약초재배",1988-06-18
포스코,5490,1차 철강 제조업,"열연코일,냉연강판,후판,선재,스테인리스 제조",1988-06-10
범양건영,2410,건물 건설업,"토목공사,주택건설,건축공사,난방공사,전기공사,포장공사",1988-05-25
파미셀,5690,기초 의약물질 및 생물학적 제제 제조업,"줄기세포치료제,화장품",1988-05-20
동국제강,1230,1차 철강 제조업,"후판,철근,강판,형강,앵글,찬넬,평철 제조,판매",1988-05-09
대원전선,6340,절연선 및 케이블 제조업,"전선,통신케이블,무선통신장비,합성수지 제조,도매/부동산 매매,임대",1988-05-04
이수화학,5950,기초 화학물질 제조업,"등유,알킬벤젠,윤활유,노말파라핀 제조,도매",1988-04-28
삼성증권,16360,금융 지원 서비스업,"유가증권의 매매,위탁매매,인수주선",1988-03-28
삼영무역,2810,기타 전문 도매업,"화공약품, 안경렌즈",1988-03-28
한양증권,1750,금융 지원 서비스업,증권업,1988-03-04
금호석유화학,11780,기초 화학물질 제조업,"합성고무 SBR(스티렌부타디엔러버),BR(폴리부타디엔러버),합성수지,BD,라텍스 제조,도소매",1988-01-22
유안타증권,3470,금융 지원 서비스업,"유가증권 매매,중개,대리,인수",1988-01-21
제일파마홀딩스,2620,회사 본부 및 경영 컨설팅 서비스업,"의약품(타리비드,제일파프,노엘,푸라솔) 제조,도매",1988-01-20
에이엔피,15260,전자부품 제조업,"전자부품(인쇄회로기판),무정전 전원공급장치 제조",1988-01-18
한창제지,9460,"펄프, 종이 및 판지 제조업","마닐라판지,고급백판지(ALL PULP) 제조,판매,수출입",1987-12-23
넥센,5720,고무제품 제조업,"자동차용 재생타이어튜브,솔리드타이어,고무부품,골프볼,와이어로프소재,특수강선,열처리도금선,건자재 제조,판매,수출입",1987-12-19
삼성공조,6660,자동차 신품 부품 제조업,"자동차부품(라디에터,오일쿨러,인터쿨러) 제조,판매",1987-11-28
세방전지,4490,일차전지 및 축전지 제조업,"자동차용 및 산업용 축전지(연축전지) 제조,판매",1987-11-28
진원생명과학,11000,의약품 제조업,"의류용심지(인터론),가공직물(패브론) 제조,도소매",1987-11-16
참엔지니어링,9310,특수 목적용 기계 제조업,FPD Laser Repair 장비 등 (FPD 장비의 개발과 제조 및 판매),1987-11-12
한국프랜지공업,10100,자동차 신품 부품 제조업,"자동차부품(제동,구동장치),프랜지(관이음쇠),철구조물,산업기계 제조",1987-10-02
코스모신소재,5070,기타 화학제품 제조업,"이차전지양극활물질,기능성필름",1987-09-28
덕성,4830,플라스틱제품 제조업,"플라스틱레쟈,합성수지,합성피혁 제조,도매",1987-09-25
신영증권,1720,금융 지원 서비스업,증권업,1987-08-24
유진증권,1200,금융 지원 서비스업,"유가증권 매매,중개,인수",1987-08-24
유화증권,3460,금융 지원 서비스업,증권업,1987-08-24
한신기계공업,11700,일반 목적용 기계 제조업,"공기압축기,공구류 제조,판매/오파",1987-07-24
코스모화학,5420,기타 화학제품 제조업,"이산화티타늄 및 부산물, 황산코발트 및 부산물",1987-07-23
가온전선,500,절연선 및 케이블 제조업,"전력선,통신케이블 제조,도매,수출입",1987-06-08
S-Oil,10950,석유 정제품 제조업,"석유제품,가스,윤활기유,윤활유,그리스,석유화학제품 제조,도매",1987-05-27
한화에어로스페이스,12450,"항공기,우주선 및 부품 제조업","항공기엔진,특수방산장비 제조/정비사업",1987-05-27
삼화전자공업,11230,영상 및 음향기기 제조업,"전자부품(페라이트 코어,SMPS,편향요크(DY),고압변성기(FBT)용코어) 제조,판매",1987-05-25
현대제철,4020,1차 철강 제조업,"H형강,제철,제강,철근,압연,스테인레스,주강,시트파일 제조,수출입,중기부품(탱크바퀴)제조,판매",1987-05-23
써니전자,4770,반도체 제조업,"수정진동자,수정발진기,초음파지연선,MCF,축수나사 제조,도매,수출입",1987-04-22
현대비앤지스틸,4560,1차 철강 제조업,"스텐레스냉연강판,특수강 제조",1987-03-24
사조오양,6090,수산물 가공 및 저장 처리업,"원양어업/수산물가공(게맛살) 제조,수출입/냉동 및 냉장보관/부동산 임대",1986-12-24
한화투자증권,3530,금융 지원 서비스업,"유가증권 위탁매매,자기매매,인수주선",1986-11-25
삼화전기,9470,전자부품 제조업,"콘덴서 제조,판매",1986-11-24
SK증권,1510,금융 지원 서비스업,"증권업,부동산 임대",1986-09-20
평화홀딩스,10770,자동차 신품 부품 제조업,지주회사,1986-03-31
일신석재,7110,"건축자재, 철물 및 난방장치 도매업","건축석 제조,도소매/석공예,석공사",1986-03-04
KG동부제철,16380,1차 철강 제조업,"철강재(냉연강판,아연도강판,칼라강판,석도강판,선재류,강관,형강,봉강),비철금속 제조,도매",1986-02-03
아이에스동서,10780,"내화, 비내화 요업제품 제조업","타일,위생도기,콘크리트파일,P.C관,침목 제조,도매",1986-01-27
SH에너지화학,2360,기초 화학물질 제조업,"합성수지(PS/EPS,ABS수지) 제조",1985-12-23
대한화섬,3830,화학섬유 제조업,"화학섬유원사(FY,PTY,S.FIBER)제조",1985-12-23
코리아써키트,7810,전자부품 제조업,"인쇄회로기판,Module 제조/부동산(건물) 임대",1985-09-09
신세계,4170,종합 소매업,"백화점,할인점(E마트)",1985-08-19
OCI,10060,기초 화학물질 제조업,"타르제품,카본블랙,무수프탈산,농약원제,석탄화학제품,정밀화학제품,플라스틱창호재 제조,판매",1985-07-09
삼일제약,520,의약품 제조업,"양약(부루펜,액티피드,포리부틴) 제조,도매",1985-05-29
인스코비,6490,전기 통신업,"시계,스마트그리드,도소매,소프트웨어개발",1985-01-17
일성신약,3120,의약품 제조업,"의약품(항생제,화학료법제,항바이러스,근이완제,영양액륜) 제조,판매",1985-01-14
현대건설,720,토목 건설업,"공사수입,주택분양,건설산업부문 설계,감리 등 엔지니어링서비스",1984-12-22
TCC스틸,2710,1차 철강 제조업,"석도강판,표면처리강판 제조,판매",1984-12-21
에이프로젠제약,3060,의약품 제조업,"의약품(항생제,영양수액제,드링크제,철결핍성빈혈예방치료제,경옥동충하초) 제조,판매",1984-10-19
F&F,7700,봉제의복 제조업,"스포츠웨어(골프웨어) 제조/도서출판(단행본,유아/아동전집류(아인슈타인시리즈),잡지)/이천고속도로휴게소/문구사무용품,수입의류 판매,소매",1984-10-04
아남전자,8700,영상 및 음향기기 제조업,"칼라TV,오디오,비디오 제조,도매",1984-08-11
현대미포조선,10620,선박 및 보트 건조업,"선박수리,선박개조,선박신조",1983-12-20
GS건설,6360,건물 건설업,"토목공사,건축공사,주택공사,산업플랜트공사,리모델링공사,시설물유지관리공사/산업설비설계,감리 용역,수출입/에너지관리 진단,연구개발",1981-08-03
삼아알미늄,6110,1차 비철금속 제조업,"알루미늄박지,은박지,은박가공품,알페이스트 제조,도매,수출",1980-12-05
한국전자홀딩스,6200,기타 금융업,"시장조사,경영컨설팅",1979-11-30
삼성SDI,6400,일차전지 및 축전지 제조업,"칼라브라운관,PDP,평판표시관,모니터,휴대용 디스플레이,폴리머전지(2차전지),초박형브라운관,전계발광소자 제조,판매",1979-02-27
삼성전기,9150,전자부품 제조업,"영상,음향,통신장비,모듈,다층인쇄회로기판,적층세라믹콘덴서,고주파필터,전압제어발진기,온도보상형수정발진기,칩인덕터,디지털위성방송수신기,광픽업,편향코일",1979-02-27
동부건설,5960,토목 건설업,"건축공사,토목공사,전기공사,기계설비공사/비금속,철구조물 제조,판매/여객,자동차 운송,항만하역",1978-10-30
케이씨티시,9070,도로 화물 운송업,"화물자동차운송,항만하역,창고보관,컨테이너조작,중량물해상운송",1978-09-29
코오롱글로벌,3070,토목 건설업,"토목공사,일반건설,주택건설,해외건설,소각로설비공사/환경플랜트,폐처리기 제조",1978-09-15
빙그레,5180,낙농제품 및 식용빙과류 제조업,"아이스크림,우유,스낵,유산균(욥닥터캡슐) 제조",1978-08-31
녹십자홀딩스,5250,회사 본부 및 경영 컨설팅 서비스업,"알부민,유로키나제,간염백신,유행성출혈열백신 제조",1978-08-28
조선내화,480,"내화, 비내화 요업제품 제조업","내화연와(정형,부정형,S/N,CCN),단열벽돌,스라이딩노즐,연주용 특수내화물 제조",1978-06-30
현대약품,4310,의약품 제조업,"타코실, 마이녹실, 테놀민, 미에로화이바 등",1978-06-28
남양유업,3920,낙농제품 및 식용빙과류 제조업,"시유,조제분유,발효유,이유밀,치즈,프렌치까페 제조,도매",1978-06-24
남선알미늄,8350,1차 비철금속 제조업,알미늄샷시 제조/환경사업,1978-05-22
한국화장품제조,3350,기타 화학제품 제조업,"화장품(OEM,ODM)",1978-02-06
대림건설,1880,건물 건설업,"도로건설공사,토목공사,건축공사,조경공사/부동산 임대,매매",1977-12-22
현대종합상사,11760,상품 종합 도매업,"자동차,철강,기계,선박,플랜트,컴퓨터,전자제품 수출,수출입대행/자원(탄광,유전) 개발",1977-12-01
LS,6260,기타 금융업,"전력용전선,일반전선,통신케이블,동선,알루미늄선,공조기,프라스틱사출성형기 제조,도매",1977-06-30
SK네트웍스,1740,기타 전문 도매업,"종합무역업(전자전기제품,섬유,에너지화학제품,철강금속제품),의류,수입산합판,MDF판매,정보통신사업,에너지유통사업",1977-06-30
경농,2100,"비료, 농약 및 살균, 살충제 제조업","완제농약(잡초약,살충제,살균제) 제조",1977-06-30
티웨이홀딩스,4870,"시멘트, 석회, 플라스터 및 그 제품 제조업","레미콘,콘크리트파일,완구 제조/미니어쳐테마파크 운영",1977-06-30
동방아그로,7590,"비료, 농약 및 살균, 살충제 제조업","농약(잡초발생전 토양처리형 밭잡초약,부메랑,주움,그라목손) 제조,도매",1977-06-29
송원산업,4430,기타 화학제품 제조업,"폴리머첨가제(PVC안정제,산화방지제),폴리우레탄수지,프라스틱첨가제 제조",1977-06-25
진흥기업,2780,토목 건설업,"아파트건설,토목공사,건축공사,국내도급공사",1977-06-25
한국석유공업,4090,기타 비금속 광물제품 제조업,"석유류제품(솔벤트,부로운아스팔트,방수시트몰터프라스,메타놀,빙초산) 제조,도소매/부동산 임대",1977-06-25
천일고속,650,육상 여객 운송업,"고속버스운수(경부선,44개 노선),도로여객운수업,운수창고업,유류판매,부동산 임대",1977-06-23
대원강업,430,자동차 신품 부품 제조업,"차량용스프링,기계부속,시트,타이어체인,합성수지제품,철도용스파이크 제조,도매",1977-06-22
만호제강,1080,1차 철강 제조업,"와이어로프,합성섬유로프,특수강선 제조,수출,임대",1977-06-18
조광피혁,4700,"가죽, 가방 및 유사제품 제조업","가죽(피혁원단,제화용원단,카시트용원단),가방,신발 제조,도매",1977-05-27
세방,4360,도로 화물 운송업,"도로운송,항만하역,창고,지게차 임대",1977-05-19
동양철관,8970,1차 철강 제조업,"수도용 도복장 강관,주물(강관말뚝),가스관 제조/아파트건설",1977-03-05
대유에이텍,2880,자동차 신품 부품 제조업,자동차부품(자동차용 시트)제조,1977-02-18
남광토건,1260,토목 건설업,"토목공사,건축공사,기전공사,측량설계시공,용역/철구조물 제조",1976-12-28
삼영전자공업,5680,전자부품 제조업,"전자부품(알루미늄 전해콘덴서),전기이중층콘덴서,센서 제조,도매",1976-12-28
신영와코루,5800,봉제의복 제조업,"여성용 내의류(화운데이션,란제리,블래지어),환자,노령자용 파자마,남성용 내의류 제조",1976-12-28
오리엔트바이오,2630,의약품 제조업,의약품 제조,1976-12-28
조비,1550,"비료, 농약 및 살균, 살충제 제조업","복합비료(연초용,수도용,시판용,특수작물용),양액재배용 비료,완효성 비료,부직포 제조,무역",1976-12-28
한국공항,5430,기타 운송관련 서비스업,"항공기 지상조업,항공화물 상하역,장비대여,항공용역사업,항공기급유,항공화물 취급,보관,부정기헬기운송,여행알선,광업,먹는샘물 제조,농축산업",1976-12-28
조광페인트,4910,기타 화학제품 제조업,"도료(우레탄,에나멜,락카,특수도료) 제조,도매",1976-12-27
삼천리,4690,연료용 가스 제조 및 배관공급업,도시가스 공급/부동산 임대,1976-12-23
성보화학,3080,"비료, 농약 및 살균, 살충제 제조업","완제농약(해비치과립,카스텔란),원제농약(슈퍼유나니,다이아톤) 제조,도매",1976-12-23
조흥,2600,기타 식품 제조업,"휘핑크림,인스턴트이스트,프루츠칵테일,크림치즈,견과류,건조과일 제조,판매/주택 신축,판매",1976-12-23
금양,1570,기초 화학물질 제조업,"발포제,사카린,OPTSA,베나졸,TCA 제조",1976-12-17
사조대림,3960,수산물 가공 및 저장 처리업,"게맛살,어육연제품,식용류,배합사료 제조",1976-09-16
비비안,2070,봉제의복 제조업,"여성내의류(스타킹,화운데이숀,란제리),카바링사 제조,수출입/부동산 매매,임대",1976-07-13
S&T중공업,3570,자동차 신품 부품 제조업,"자동차부품(동력전달장치 등),공작기계(CNC선반 등),사출성형기 제조",1976-07-08
한신공영,4960,건물 건설업,"토목공사,건축공사,주택건설,유통업(백화점),문화교실,주차장",1976-07-07
농심,4370,기타 식품 제조업,"라면,스낵,유지 제조,도매,수출입",1976-06-30
삼영화학공업,3720,플라스틱제품 제조업,"합성수지(BOPP,캐파시타),PPC,랩,종이상자(카톤팩) 제조",1976-06-30
성신양회,4980,"시멘트, 석회, 플라스터 및 그 제품 제조업","시멘트,레미콘 제조",1976-06-30
신라교역,4970,어로 어업,"원양어업(참치,명태,휠레트,연육,명란,새우),어획물 판매/직물 수출",1976-06-30
신풍제지,2870,"펄프, 종이 및 판지 제조업","마닐라판지 제조,도소매",1976-06-30
종근당홀딩스,1630,의약품 제조업,"의약품(항생제,위궤양치료제,장기이식면역억제제,고지혈증치료제(로바이드)) 제조,도매",1976-06-30
크라운해태홀딩스,5740,기타 금융업,"비스켓,쵸코렛,사탕,웨이퍼 제조,도매",1976-06-30
한독,2390,의약품 제조업,"의약품(소화제,크라포란,라식스)제조,도매,부동산 임대",1976-06-30
SG충방,1380,자동차 신품 부품 제조업,"자동차시트커버(Seat Trim Cover), 면사, 면ㆍ혼방사 등의 제조 및 판매",1976-06-29
SK디스커버리,6120,기타 금융업,"화섬사(폴리에스테르원사(폴리에스터F,폴리에스터SF),폴리에스터직물,아세테이트),석유화학부문(TPA,DMT),섬유원료,직물,BOTTLE용CHIP,접착제,폴리우레탄 제조,",1976-06-29
샘표,7540,기타 금융업,"간장,된장,고추장 제조,가공,판매,무역",1976-06-29
흥아해운,3280,해상 운송업,외항화물운송업(케미컬탱커),1976-06-29
GS글로벌,1250,상품 종합 도매업,"수출입업(시멘트,철강금속,전기전자,섬유,기계화학),상품중개,광업,채석업/하수처리 서비스/부동산 임대",1976-06-26
금호산업,2990,건물 건설업,"종합건설/여객운송,관광/부동산 임대,분양",1976-06-26
삼부토건,1470,토목 건설업,"토목공사,건축공사,포장공사,건설업,분양사업/건설자재 제조",1976-06-26
삼화콘덴서공업,1820,전자부품 제조업,콘덴서(축전기) 제조,1976-06-26
페이퍼코리아,1020,"펄프, 종이 및 판지 제조업","제지(신문용지,중질지),합판 제조,건설,석유류 판매",1976-06-26
동양,1520,"시멘트, 석회, 플라스터 및 그 제품 제조업",레미콘/건설공사/산업용 송풍기,1976-06-25
한화,880,기타 화학제품 제조업,"화약,화공품,자동선반류,공작기계 제조,전자교환기,건설,정보통신,종합무역/임직원 및 개인대상 교육,세미나 및 워크샵 중계,동영상광고",1976-06-24
JW중외제약,1060,의약품 제조업,"수액제,소화기궤양치료제,항생제,항암제 제조,도매",1976-06-14
영풍,670,1차 비철금속 제조업,"제1차 금속산업(아연괴,황산,카드뮴괴),건전지 제조,무역",1976-06-12
백광산업,1340,기초 화학물질 제조업,"가성소다,합성염산 제조,판매",1976-06-10
성창기업지주,180,회사 본부 및 경영 컨설팅 서비스업,"합판, 마루, 파티클보드, 우드칩, 포르말린 등 제조",1976-06-02
한창,5110,기계장비 및 관련 물품 도매업,"소화기, 통신장비 유통",1976-06-01
삼화왕관,4450,기타 금속 가공제품 제조업,"납세용 일반병마개,알루미늄캡,플라스틱캡 제조,판매,금속인쇄,수출",1976-05-28
KR모터스,40,그외 기타 운송장비 제조업,"이륜차(오토바이) 제조,도매",1976-05-25
고려제강,2240,1차 철강 제조업,"PC강선,선재 2차제품,와이어로프,비드와이어,SC(Surpass Coat) Stand,각종선재 제조,도매",1976-05-25
태양금속공업,4100,자동차 신품 부품 제조업,"자동차용 강력볼트,너트,전기전자제품용 나사,자전거부품,전해동박,도금도장설비 제조",1976-05-25
선창산업,2820,나무제품 제조업,"합판,가정용가구(선우드),MDF,제재목,하드보드 제조/부동산 임대",1976-05-22
DRB동일,4840,기타 금융업,"고무벨트(V벨트,콘베이어벨트,평벨트),프라스틱제품 제조,판매",1976-05-21
넥센타이어,2350,고무제품 제조업,"타이어,후랩,고무제타이어(승용자동차용,래디알구조) 제조",1976-05-19
SG세계물산,4060,상품 종합 도매업,"피복류,봉제품,P.E제품 수출입,도매,제조/조경사업",1976-04-19
롯데정밀화학,4000,기초 화학물질 제조업,"염소·셀룰로스계열, 암모니아 계열, 전자재료 등 화학제품 제조",1976-04-15
동화약품,20,의약품 제조업,"의약품 제조,판매,수출입",1976-03-24
대림산업,210,토목 건설업,"산업플랜트공사,건축,토목,폴리에틸렌,폴리부텐,각종폴리머 제조,기술용역",1976-02-02
LG상사,1120,상품 중개업,"전자,기계,화공,유류.금속,의류 수출입,도소매",1976-01-30
국제약품,2720,의약품 제조업,"항생제,안약,제약 제조,도매",1975-12-27
태광산업,3240,화학섬유 제조업,"석유화학제품(PTA,AN),화섬사,직물 등",1975-12-27
부산주공,5030,자동차 신품 부품 제조업,"자동차부품(엔진부품,조향장치부품,브레이장치부품,오토미셧부품) 제조,도매/부동산 임대",1975-12-26
한일현대시멘트,6390,"시멘트, 석회, 플라스터 및 그 제품 제조업","시멘트,시멘트반제품 제조,판매/콘도미니엄,스키장,종합레저관광산업,체육진흥사업,사업서비스",1975-12-26
CS홀딩스,590,기타 금융업,"브랜드 수익, 자회사 배당",1975-12-22
신성통상,5390,기타 전문 도매업,"의류,악세사리(모자,벨트,가방) 도매/의류 제조",1975-12-22
DB하이텍,990,반도체 제조업,반도체 제조,1975-12-12
대림통상,6570,기타 금속 가공제품 제조업,"수전금구,비데,위생도기,샤워부스,타일,양식기,무역",1975-11-20
유유제약,220,의약품 제조업,"의약품 제조,판매",1975-11-18
강남제비스코,860,기타 화학제품 제조업,"도료(페인트,락카,신나,에나멜,바니쉬),안료 제조,판매",1975-11-12
대신증권,3540,금융 지원 서비스업,"유가증권 위탁매매,인수주선,자기매매 기타 금융서비스",1975-10-01
NH투자증권,5940,금융 지원 서비스업,"증권업,종합금융",1975-09-30
미래에셋대우,6800,금융 지원 서비스업,"유가증권매매,유가증권위탁매매,유가증권인수",1975-09-30
신일전자,2700,기계장비 및 관련 물품 도매업,"가정용 전기기구(선풍기,난로,세탁기),전자기구,연구기구 제조,수출입",1975-09-30
삼성제약,1360,의약품 제조업,"의약품(까스명수,쓸기담,에프킬라에어졸,액체우황청심원) 제조,도매",1975-07-04
삼성화재해상보험,810,보험업,"손해보험의 원수,재보험,운용자산의 투자활동",1975-06-30
삼양식품,3230,기타 식품 제조업,"라면,스낵,유제품,장유,식용유,사료,향신료,건강음료(루이보스 티) 제조,도매",1975-06-30
한화손해보험,370,보험업,손해보험,1975-06-30
NI스틸,8260,1차 철강 제조업,"스틸파이프,철강재임가공 제조,도매",1975-06-28
일동홀딩스,230,의약품 제조업,"의약품 제조,도매",1975-06-28
대동공업,490,특수 목적용 기계 제조업,"경운기,트랙터,이앙기,바인더,수확기(콤바인),농업용엔진 및 부품 제조,판매",1975-06-27
오리온홀딩스,1800,기타 금융업,자회사 관리 지주사업 등,1975-06-27
깨끗한나라,4540,"펄프, 종이 및 판지 제조업","펄프,판지원지,화장지 제조,수출입",1975-06-25
태원물산,1420,자동차 신품 부품 제조업,"자동차부품,워터펌프,인산정제석고,건축자재(불연내장재), 제조,수출입",1975-06-24
코오롱,2020,기타 금융업,지주회사,1975-06-23
삼성전자,5930,통신 및 방송 장비 제조업,"IMT2000 서비스용 동기식 기지국,교환국장비,데이터단말기,동영상휴대폰,핵심칩,반도체제품,사무,계산 및 회계용기계",1975-06-11
대유플러스,300,통신 및 방송 장비 제조업,"유,무선 통신장비",1975-06-09
BYC,1460,봉제의복 제조업,"메리야스,란제리 제조,도매/건축공사/부동산 임대,분양,공급",1975-06-02
쌍용자동차,3620,자동차용 엔진 및 자동차 제조업,"자동차,자동차부품,차륜,정비 제조/도소매",1975-05-29
쌍용양회공업,3410,"시멘트, 석회, 플라스터 및 그 제품 제조업",시멘트(크링카),1975-05-03
SPC삼립,5610,기타 식품 제조업,"빵,아이스크림,과자,케익,유산균음료,인스턴트식품,병조림,면류,식용유 제조,판매",1975-05-02
흥국화재,540,보험업,손해보험,1974-12-05
우리종금,10050,기타 금융업,"종합금융,주택할부금융,부동산",1974-09-11
일양약품,7570,의약품 제조업,"일반의약품(원비디,영비천,아진탈,디세텔,노루모산),항암제(베타-이뮤난),전문의약품 제조,판매,수출입",1974-08-28
한진,2320,도로 화물 운송업,"포장화물,택배산업,항만하역,고속버스사업,운수보관",1974-08-12
한국수출포장공업,2200,"골판지, 종이 상자 및 종이용기 제조업","골판지상자,골판지원지 제조,판매",1974-06-28
현대자동차,5380,자동차용 엔진 및 자동차 제조업,"자동차(승용차,버스,트럭,특장차),자동차부품,자동차전착도료 제조,차량정비사업",1974-06-28
모나미,5360,생활용품 도매업,"BP153(BALL POINT PEN), P-3000(PLUS PEN), 유성매직, 보드마카, 네임펜, PARKER, WARTERMAN, 색연필",1974-06-26
한화솔루션,9830,기초 화학물질 제조업,"합성수지,유화부문(LDPE,LLDPE)제품 제조,플라스틱가공품(PVC),CA,무기화학제품,부동산업",1974-06-19
아세아,2030,회사 본부 및 경영 컨설팅 서비스업,"회사본부,지주회사 및 경영컨설팅 서비스업",1974-06-03
카프로,6380,기초 화학물질 제조업,"카프로락탐,유안비료 제조",1974-05-28
롯데지주,4990,기타 금융업,지주회사,1974-02-16
대한방직,1070,직물직조 및 직물제품 제조업,"면사,화섬사,면직물 제조,판매,건설",1973-12-28
서울식품공업,4410,기타 식품 제조업,"빵,스넥,마아가린,유지류,사료 제조,도매",1973-12-28
아이에이치큐,3560,"영화, 비디오물, 방송프로그램 제작 및 배급업","매니지먼트, 음반, 드라마 제작, 유료방송, 프로그램 공급, 광고대행",1973-12-18
LS네트웍스,680,상품 종합 도매업,"혁화,의류,등산용품 도매,제조/부동산 임대",1973-11-15
금호전기,1210,전구 및 조명장치 제조업,"형광등,백열전구,전구식현광등,실드빔(차량용전조) 제조,판매",1973-11-15
하이트진로홀딩스,140,기타 금융업,지주회사,1973-09-19
노루홀딩스,320,기타 금융업,지주사업,1973-08-10
기아자동차,270,자동차용 엔진 및 자동차 제조업,"승용차,중대형버스,트럭,민수특수차량,군수차량 제조,판매,정비",1973-07-21
효성,4800,기타 금융업,"스판덱스,합성원사,나일론,폴리에스터,타이어코드지,PET병,수지제품,중전기제품(변압기,차단기),사무용기계,컴퓨터 제조/건축공사",1973-06-30
CJ,1040,기타 금융업,지주회사,1973-06-29
두산,150,회사 본부 및 경영 컨설팅 서비스업,"동박적층판 등 제조 및 판매, 유압기기 등 제조 및 판매, 지게차 제조 및 판매, IT 시스템 개발/운영 서비스 등, 연료전지 등",1973-06-29
휴스틸,5010,1차 철강 제조업,"강관(배관용,구조용,유정용) 제조,도매",1973-06-29
DB손해보험,5830,보험업,"자동차보험,화재보험,해상보험,특종보험,장기보험",1973-06-28
대웅,3090,기타 금융업,"지주회사/의약품,화공약품,농예약품,위생용품,의료용구,식품,전기전자기구,부품 제조,판매",1973-06-26
동양물산기업,2900,특수 목적용 기계 제조업,"농기계,연초용필터,금속제양식기,철강압연 제조,도매,수출입/신문서적 수출입,판매",1973-06-26
진양산업,3780,플라스틱제품 제조업,"합성수지,폴리우레탄스폰지 제조,도매,수출입",1973-06-26
영진약품,3520,의약품 제조업,"의약품(드링크제,항생제,영양수액제),의약부외품 제조,판매",1973-06-25
케이씨씨,2380,기타 화학제품 제조업,"건축용단열재,내외장재,스레트,밤라이트,암면,석고보드,판유리 제조",1973-06-25
롯데칠성음료,5300,비알코올음료 및 얼음 제조업,"청량음료,과채류음료,곡류음료,주류 제조,판매/자동차정비,연수원",1973-06-21
일신방직,3200,방적 및 가공사 제조업,"면사,P/C혼방사,P/C혼방직물,화섬사 제조,수출",1973-05-23
롯데푸드,2270,낙농제품 및 식용빙과류 제조업,"빙과,유지,식품 제조",1973-05-09
아모레퍼시픽그룹,2790,기타 화학제품 제조업,지주회사,1973-04-30
제주은행,6220,은행 및 저축기관,"은행업무,외국환업무,신탁업무",1972-12-28
한솔홀딩스,4150,기타 금융업,"지주회사,경영자문컨설팅",1972-05-17
벽산,7210,기타 비금속 광물제품 제조업,"단열재, 천장재, 외장재, 내장재, 외단열, 바닥재 등",1972-01-04
롯데손해보험,400,보험업,손해보험업,1971-04-16
대한제분,1130,"곡물가공품, 전분 및 전분제품 제조업","소맥분,토코밀,프리믹스,밀가루조제품,제분부산물 제조/파스타 수입,판매",1970-11-25
대상,1680,기타 식품 제조업,"전분,라이신,물엿,과당,포도당,MSG및 사료,조미료,항생제,핵산,커피 제조,도매/토목공사,건축공사",1970-04-01
LG,3550,기타 금융업,지주회사,1970-02-13
동아쏘시오홀딩스,640,기타 금융업,"의약품(피로회복제/박카스,병원용의약품),비의약품(의료기기,염모제,가글제) 제조,도소매/화장품 생산",1970-02-10
코리안리,3690,재 보험업,금융보험/부동산 임대,1969-12-22
한국주철관공업,970,1차 철강 제조업,"수도용주철관,강관 제조",1969-12-12
한일홀딩스,3300,"시멘트, 석회, 플라스터 및 그 제품 제조업",지주사업,1969-11-20
엔피씨,4250,플라스틱제품 제조업,"산업용기프라스틱제품(플라스틱 파렛트,시트 파렛트) 제조,판매",1969-09-08
세아제강지주,3030,기타 금융업,경영컨설팅업,1969-05-13
대한전선,1440,절연선 및 케이블 제조업,"전력선,통신케이블,적산계기,스텐레스압연제품,광케이블,초고압선,알루미늄 제조,도매/전기공사",1968-12-27
대한제당,1790,"곡물가공품, 전분 및 전분제품 제조업","제당,가축용 배합사료,설탕,기능성감미료(자일로올리고당),외식산 제조,도소매/부동산 임대",1968-12-27
삼양홀딩스,70,기타 금융업,"지주회사,경영자문컨설팅",1968-12-27
세기상사,2420,"영화, 비디오물, 방송프로그램 제작 및 배급업","극장(영화상영)/극영화,만화영화 제조/음식료품,일용잡화 소매/부동산 임대",1968-12-27
한국테크놀로지그룹,240,기타 금융업,비금융지주회사,1968-12-27
전방,950,방적 및 가공사 제조업,"면사,면혼방사,마혼방사,화섬사,염색사,자수사,소모사,면직물,면혼방직물,화섬직물,특수가공직물 제조,판매,수출",1968-10-21
대한항공,3490,항공 여객 운송업,"여객운송,화물운송,항공기 제조,판매,정비수리/기내식 제조판매,면세품 판매",1966-03-18
디아이동일,1530,상품 중개업,"면사,화섬사,면포,혼방포,스포츠웨어용 신합섬 제조,도매,수출",1964-01-04
유한양행,100,의약품 제조업,"의약품(삐콤씨,알마겔,세파졸린주사,아코텍스주사,이세파신,신생아호흡곤란치료제 등),생활용품(유한락스,비누,홈키파),식혜 도매",1962-11-01
CJ대한통운,120,도로 화물 운송업,"Contract Logistics, 포워딩, 항만하역, 해운, 택배국제특송, SCM Consulting",1956-07-02
메리츠화재,60,보험업,"손해보험(화재,해상,운송보험)",1956-07-02
경방,50,종합 소매업,"섬유류(면사,면혼방사,면직물,면혼방직물,화섬사,화섬직물) 제조,도매,수출입",1956-03-03
유수홀딩스,700,회사 본부 및 경영 컨설팅 서비스업,지주사업,1956-03-03
한진중공업홀딩스,3480,연료용 가스 제조 및 배관공급업,지주회사,1956-03-03
